run_id,domain,ckpt,cell,n,floor,epochs,d_raw,F_judge,M,F_parse,D,A_delivered,A_latent,ND,residual,F_floor,n_clean,n_P,n_w,r0,r1,a0,a1,d_a_matched,n_matched,lowpower,d_a_prerepair,n_matched_pre,lowpower_pre,w_source,abs_strict_t,abs_strict_f,parse_rate_t,grey,note
v2:fc:ALL,v2,fc,ALL,600,factonly,3,0.3933,-0.3967,0.0789,0.7111,,,,,0.0,,180,0,,,,,,,,,,0,LOWPOWER,,0.79,0.0,1.0,,no both-parsed clean items; F_parse=d_clean
v2:fc:Clean,v2,fc,Clean,60,factonly,3,0.7667,-0.2333,1.0,,,,,,0.0,,0,,,,,,,,,,,0,LOWPOWER,,1.0,0.0,1.0,,M=UPPER BOUND (no clean items); D/A undefined here
v2:fc:H-Abl,v2,fc,H-Abl,60,factonly,3,0.25,0.0,0.25,,,,,,0.0,,0,,,,,,,,,,,0,LOWPOWER,,0.25,0.0,1.0,,M=UPPER BOUND (no clean items); D/A undefined here
v2:fc:H-Aug,v2,fc,H-Aug,60,factonly,3,0.2333,-0.7333,0.9667,,,,,,0.0,,0,,,,,,,,,,,0,LOWPOWER,,0.9667,0.0,1.0,,M=UPPER BOUND (no clean items); D/A undefined here
v2:fc:H-Cor,v2,fc,H-Cor,60,factonly,3,0.85,-0.1333,0.9833,,,,,,0.0,,0,,,,,,,,,,,0,LOWPOWER,,0.9833,0.0,1.0,,M=UPPER BOUND (no clean items); D/A undefined here
v2:fc:K-Abl,v2,fc,K-Abl,60,factonly,3,0.0167,-0.9833,1.0,,,,,,0.0,,0,,,,,,,,,,,0,LOWPOWER,,1.0,0.0,1.0,,M=UPPER BOUND (no clean items); D/A undefined here
v2:fc:K-Aug,v2,fc,K-Aug,60,factonly,3,-0.15,-0.9667,0.8167,,,,,,0.0,,0,,,,,,,,,,,0,LOWPOWER,,0.8167,0.0,1.0,,M=UPPER BOUND (no clean items); D/A undefined here
v2:fc:K-Cor,v2,fc,K-Cor,60,factonly,3,-0.1667,-0.9167,0.75,,,,,,0.0,,0,,,,,,,,,,,0,LOWPOWER,,0.75,0.0,1.0,,M=UPPER BOUND (no clean items); D/A undefined here
v2:fc:R-Abl,v2,fc,R-Abl,60,factonly,3,1.0,0.0,0.0,1.0,,,,,0.0,,60,0,,,,,,,,,,0,LOWPOWER,,1.0,0.0,1.0,,no both-parsed clean items; F_parse=d_clean
v2:fc:R-Aug,v2,fc,R-Aug,60,factonly,3,0.5667,0.0,0.0,0.5667,,,,,0.0,,60,0,,,,,,,,,,0,LOWPOWER,,0.5667,0.0,1.0,,no both-parsed clean items; F_parse=d_clean
v2:fc:R-Cor,v2,fc,R-Cor,60,factonly,3,0.5667,0.0,0.0,0.5667,,,,,0.0,,60,0,,,,,,,,,,0,LOWPOWER,,0.5667,0.0,1.0,,no both-parsed clean items; F_parse=d_clean
v2:fs:ALL,v2,fs,ALL,600,factonly,3,0.4583,-0.3967,-0.1283,0.9833,,,,,0.0,,180,0,,,,,,,,,,0,LOWPOWER,,0.855,0.0,1.0,,no both-parsed clean items; F_parse=d_clean
v2:fs:Clean,v2,fs,Clean,60,factonly,3,0.7667,-0.2333,1.0,,,,,,0.0,,0,,,,,,,,,,,0,LOWPOWER,,1.0,0.0,1.0,,M=UPPER BOUND (no clean items); D/A undefined here
v2:fs:H-Abl,v2,fs,H-Abl,60,factonly,3,0.2,0.0,0.2,,,,,,0.0,,0,,,,,,,,,,,0,LOWPOWER,,0.2,0.0,1.0,,M=UPPER BOUND (no clean items); D/A undefined here
v2:fs:H-Aug,v2,fs,H-Aug,60,factonly,3,-0.2833,-0.7333,0.45,,,,,,0.0,,0,,,,,,,,,,,0,LOWPOWER,,0.45,0.0,1.0,,M=UPPER BOUND (no clean items); D/A undefined here
v2:fs:H-Cor,v2,fs,H-Cor,60,factonly,3,0.8667,-0.1333,1.0,,,,,,0.0,,0,,,,,,,,,,,0,LOWPOWER,,1.0,0.0,1.0,,M=UPPER BOUND (no clean items); D/A undefined here
v2:fs:K-Abl,v2,fs,K-Abl,60,factonly,3,0.0167,-0.9833,1.0,,,,,,0.0,,0,,,,,,,,,,,0,LOWPOWER,,1.0,0.0,1.0,,M=UPPER BOUND (no clean items); D/A undefined here
v2:fs:K-Aug,v2,fs,K-Aug,60,factonly,3,-0.0167,-0.9667,0.95,,,,,,0.0,,0,,,,,,,,,,,0,LOWPOWER,,0.95,0.0,1.0,,M=UPPER BOUND (no clean items); D/A undefined here
v2:fs:K-Cor,v2,fs,K-Cor,60,factonly,3,0.0833,-0.9167,1.0,,,,,,0.0,,0,,,,,,,,,,,0,LOWPOWER,,1.0,0.0,1.0,,M=UPPER BOUND (no clean items); D/A undefined here
v2:fs:R-Abl,v2,fs,R-Abl,60,factonly,3,1.0,0.0,0.0,1.0,,,,,0.0,,60,0,,,,,,,,,,0,LOWPOWER,,1.0,0.0,1.0,,no both-parsed clean items; F_parse=d_clean
v2:fs:R-Aug,v2,fs,R-Aug,60,factonly,3,0.95,0.0,0.0,0.95,,,,,0.0,,60,0,,,,,,,,,,0,LOWPOWER,,0.95,0.0,1.0,,no both-parsed clean items; F_parse=d_clean
v2:fs:R-Cor,v2,fs,R-Cor,60,factonly,3,1.0,0.0,0.0,1.0,,,,,0.0,,60,0,,,,,,,,,,0,LOWPOWER,,1.0,0.0,1.0,,no both-parsed clean items; F_parse=d_clean
v2:zs_direct:ALL,v2,zs_direct,ALL,600,factonly,,,,,,,,,,,,,,,,,,,,,,,,,,0.0,,0.0,REF,pre-repair reference; absolute only
v2:zs_direct:Clean,v2,zs_direct,Clean,60,factonly,,,,,,,,,,,,,,,,,,,,,,,,,,0.0,,0.0,REF,pre-repair reference; absolute only
v2:zs_direct:H-Abl,v2,zs_direct,H-Abl,60,factonly,,,,,,,,,,,,,,,,,,,,,,,,,,0.0,,0.0,REF,pre-repair reference; absolute only
v2:zs_direct:H-Aug,v2,zs_direct,H-Aug,60,factonly,,,,,,,,,,,,,,,,,,,,,,,,,,0.0,,0.0,REF,pre-repair reference; absolute only
v2:zs_direct:H-Cor,v2,zs_direct,H-Cor,60,factonly,,,,,,,,,,,,,,,,,,,,,,,,,,0.0,,0.0,REF,pre-repair reference; absolute only
v2:zs_direct:K-Abl,v2,zs_direct,K-Abl,60,factonly,,,,,,,,,,,,,,,,,,,,,,,,,,0.0,,0.0,REF,pre-repair reference; absolute only
v2:zs_direct:K-Aug,v2,zs_direct,K-Aug,60,factonly,,,,,,,,,,,,,,,,,,,,,,,,,,0.0,,0.0,REF,pre-repair reference; absolute only
v2:zs_direct:K-Cor,v2,zs_direct,K-Cor,60,factonly,,,,,,,,,,,,,,,,,,,,,,,,,,0.0,,0.0,REF,pre-repair reference; absolute only
v2:zs_direct:R-Abl,v2,zs_direct,R-Abl,60,factonly,,,,,,,,,,,,,,,,,,,,,,,,,,0.0,,0.0,REF,pre-repair reference; absolute only
v2:zs_direct:R-Aug,v2,zs_direct,R-Aug,60,factonly,,,,,,,,,,,,,,,,,,,,,,,,,,0.0,,0.0,REF,pre-repair reference; absolute only
v2:zs_direct:R-Cor,v2,zs_direct,R-Cor,60,factonly,,,,,,,,,,,,,,,,,,,,,,,,,,0.0,,0.0,REF,pre-repair reference; absolute only
v2:zs_cot:ALL,v2,zs_cot,ALL,600,factonly,,,,,,,,,,,,,,,,,,,,,,,,,,0.0,,0.0,REF,pre-repair reference; absolute only
v2:zs_cot:Clean,v2,zs_cot,Clean,60,factonly,,,,,,,,,,,,,,,,,,,,,,,,,,0.0,,0.0,REF,pre-repair reference; absolute only
v2:zs_cot:H-Abl,v2,zs_cot,H-Abl,60,factonly,,,,,,,,,,,,,,,,,,,,,,,,,,0.0,,0.0,REF,pre-repair reference; absolute only
v2:zs_cot:H-Aug,v2,zs_cot,H-Aug,60,factonly,,,,,,,,,,,,,,,,,,,,,,,,,,0.0,,0.0,REF,pre-repair reference; absolute only
v2:zs_cot:H-Cor,v2,zs_cot,H-Cor,60,factonly,,,,,,,,,,,,,,,,,,,,,,,,,,0.0,,0.0,REF,pre-repair reference; absolute only
v2:zs_cot:K-Abl,v2,zs_cot,K-Abl,60,factonly,,,,,,,,,,,,,,,,,,,,,,,,,,0.0,,0.0,REF,pre-repair reference; absolute only
v2:zs_cot:K-Aug,v2,zs_cot,K-Aug,60,factonly,,,,,,,,,,,,,,,,,,,,,,,,,,0.0,,0.0,REF,pre-repair reference; absolute only
v2:zs_cot:K-Cor,v2,zs_cot,K-Cor,60,factonly,,,,,,,,,,,,,,,,,,,,,,,,,,0.0,,0.0,REF,pre-repair reference; absolute only
v2:zs_cot:R-Abl,v2,zs_cot,R-Abl,60,factonly,,,,,,,,,,,,,,,,,,,,,,,,,,0.0,,0.0,REF,pre-repair reference; absolute only
v2:zs_cot:R-Aug,v2,zs_cot,R-Aug,60,factonly,,,,,,,,,,,,,,,,,,,,,,,,,,0.0,,0.0,REF,pre-repair reference; absolute only
v2:zs_cot:R-Cor,v2,zs_cot,R-Cor,60,factonly,,,,,,,,,,,,,,,,,,,,,,,,,,0.0,,0.0,REF,pre-repair reference; absolute only
v2_1:actionized:ALL,v2_1,actionized,ALL,600,factonly_on_v21,,0.5767,-0.42,-0.0033,1.0,,,,,0.0,,180,0,,,,,,,,,,0,LOWPOWER,,0.9967,0.0,1.0,,no both-parsed clean items; F_parse=d_clean
v2_1:actionized:Clean,v2_1,actionized,Clean,60,factonly_on_v21,,0.7667,-0.2333,1.0,,,,,,0.0,,0,,,,,,,,,,,0,LOWPOWER,,1.0,0.0,1.0,,M=UPPER BOUND (no clean items); D/A undefined here
v2_1:actionized:H-Abl,v2_1,actionized,H-Abl,60,factonly_on_v21,,0.9,-0.1,1.0,,,,,,0.0,,0,,,,,,,,,,,0,LOWPOWER,,1.0,0.0,1.0,,M=UPPER BOUND (no clean items); D/A undefined here
v2_1:actionized:H-Aug,v2_1,actionized,H-Aug,60,factonly_on_v21,,0.2,-0.7833,0.9833,,,,,,0.0,,0,,,,,,,,,,,0,LOWPOWER,,0.9833,0.0,1.0,,M=UPPER BOUND (no clean items); D/A undefined here
v2_1:actionized:H-Cor,v2_1,actionized,H-Cor,60,factonly_on_v21,,0.8167,-0.1667,0.9833,,,,,,0.0,,0,,,,,,,,,,,0,LOWPOWER,,0.9833,0.0,1.0,,M=UPPER BOUND (no clean items); D/A undefined here
v2_1:actionized:K-Abl,v2_1,actionized,K-Abl,60,factonly_on_v21,,0.0,-1.0,1.0,,,,,,0.0,,0,,,,,,,,,,,0,LOWPOWER,,1.0,0.0,1.0,,M=UPPER BOUND (no clean items); D/A undefined here
v2_1:actionized:K-Aug,v2_1,actionized,K-Aug,60,factonly_on_v21,,0.0333,-0.9667,1.0,,,,,,0.0,,0,,,,,,,,,,,0,LOWPOWER,,1.0,0.0,1.0,,M=UPPER BOUND (no clean items); D/A undefined here
v2_1:actionized:K-Cor,v2_1,actionized,K-Cor,60,factonly_on_v21,,0.05,-0.95,1.0,,,,,,0.0,,0,,,,,,,,,,,0,LOWPOWER,,1.0,0.0,1.0,,M=UPPER BOUND (no clean items); D/A undefined here
v2_1:actionized:R-Abl,v2_1,actionized,R-Abl,60,factonly_on_v21,,1.0,0.0,0.0,1.0,,,,,0.0,,60,0,,,,,,,,,,0,LOWPOWER,,1.0,0.0,1.0,,no both-parsed clean items; F_parse=d_clean
v2_1:actionized:R-Aug,v2_1,actionized,R-Aug,60,factonly_on_v21,,1.0,0.0,0.0,1.0,,,,,0.0,,60,0,,,,,,,,,,0,LOWPOWER,,1.0,0.0,1.0,,no both-parsed clean items; F_parse=d_clean
v2_1:actionized:R-Cor,v2_1,actionized,R-Cor,60,factonly_on_v21,,1.0,0.0,0.0,1.0,,,,,0.0,,60,0,,,,,,,,,,0,LOWPOWER,,1.0,0.0,1.0,,no both-parsed clean items; F_parse=d_clean
v2_1:cot_fixed:ALL,v2_1,cot_fixed,ALL,600,factonly_on_v21,,0.44,-0.42,-0.0678,0.9278,,,,,0.0,,180,0,,,,,,,,,,0,LOWPOWER,,0.86,0.0,1.0,,no both-parsed clean items; F_parse=d_clean
v2_1:cot_fixed:Clean,v2_1,cot_fixed,Clean,60,factonly_on_v21,,0.7667,-0.2333,1.0,,,,,,0.0,,0,,,,,,,,,,,0,LOWPOWER,,1.0,0.0,1.0,,M=UPPER BOUND (no clean items); D/A undefined here
v2_1:cot_fixed:H-Abl,v2_1,cot_fixed,H-Abl,60,factonly_on_v21,,0.9,-0.1,1.0,,,,,,0.0,,0,,,,,,,,,,,0,LOWPOWER,,1.0,0.0,1.0,,M=UPPER BOUND (no clean items); D/A undefined here
v2_1:cot_fixed:H-Aug,v2_1,cot_fixed,H-Aug,60,factonly_on_v21,,0.2167,-0.7833,1.0,,,,,,0.0,,0,,,,,,,,,,,0,LOWPOWER,,1.0,0.0,1.0,,M=UPPER BOUND (no clean items); D/A undefined here
v2_1:cot_fixed:H-Cor,v2_1,cot_fixed,H-Cor,60,factonly_on_v21,,0.6833,-0.1667,0.85,,,,,,0.0,,0,,,,,,,,,,,0,LOWPOWER,,0.85,0.0,1.0,,M=UPPER BOUND (no clean items); D/A undefined here
v2_1:cot_fixed:K-Abl,v2_1,cot_fixed,K-Abl,60,factonly_on_v21,,0.0,-1.0,1.0,,,,,,0.0,,0,,,,,,,,,,,0,LOWPOWER,,1.0,0.0,1.0,,M=UPPER BOUND (no clean items); D/A undefined here
v2_1:cot_fixed:K-Aug,v2_1,cot_fixed,K-Aug,60,factonly_on_v21,,-0.4667,-0.9667,0.5,,,,,,0.0,,0,,,,,,,,,,,0,LOWPOWER,,0.5,0.0,1.0,,M=UPPER BOUND (no clean items); D/A undefined here
v2_1:cot_fixed:K-Cor,v2_1,cot_fixed,K-Cor,60,factonly_on_v21,,-0.4833,-0.95,0.4667,,,,,,0.0,,0,,,,,,,,,,,0,LOWPOWER,,0.4667,0.0,1.0,,M=UPPER BOUND (no clean items); D/A undefined here
v2_1:cot_fixed:R-Abl,v2_1,cot_fixed,R-Abl,60,factonly_on_v21,,1.0,0.0,0.0,1.0,,,,,0.0,,60,0,,,,,,,,,,0,LOWPOWER,,1.0,0.0,1.0,,no both-parsed clean items; F_parse=d_clean
v2_1:cot_fixed:R-Aug,v2_1,cot_fixed,R-Aug,60,factonly_on_v21,,0.8,0.0,0.0,0.8,,,,,0.0,,60,0,,,,,,,,,,0,LOWPOWER,,0.8,0.0,1.0,,no both-parsed clean items; F_parse=d_clean
v2_1:cot_fixed:R-Cor,v2_1,cot_fixed,R-Cor,60,factonly_on_v21,,0.9833,0.0,0.0,0.9833,,,,,0.0,,60,0,,,,,,,,,,0,LOWPOWER,,0.9833,0.0,1.0,,no both-parsed clean items; F_parse=d_clean
v2_1:decision:ALL,v2_1,decision,ALL,600,factonly_on_v21,,0.5383,-0.42,0.0028,0.9556,,,,,0.0,,180,0,,,,,,,,,,0,LOWPOWER,,0.9583,0.0,1.0,,no both-parsed clean items; F_parse=d_clean
v2_1:decision:Clean,v2_1,decision,Clean,60,factonly_on_v21,,0.7667,-0.2333,1.0,,,,,,0.0,,0,,,,,,,,,,,0,LOWPOWER,,1.0,0.0,1.0,,M=UPPER BOUND (no clean items); D/A undefined here
v2_1:decision:H-Abl,v2_1,decision,H-Abl,60,factonly_on_v21,,0.9,-0.1,1.0,,,,,,0.0,,0,,,,,,,,,,,0,LOWPOWER,,1.0,0.0,1.0,,M=UPPER BOUND (no clean items); D/A undefined here
v2_1:decision:H-Aug,v2_1,decision,H-Aug,60,factonly_on_v21,,0.2167,-0.7833,1.0,,,,,,0.0,,0,,,,,,,,,,,0,LOWPOWER,,1.0,0.0,1.0,,M=UPPER BOUND (no clean items); D/A undefined here
v2_1:decision:H-Cor,v2_1,decision,H-Cor,60,factonly_on_v21,,0.75,-0.1667,0.9167,,,,,,0.0,,0,,,,,,,,,,,0,LOWPOWER,,0.9167,0.0,1.0,,M=UPPER BOUND (no clean items); D/A undefined here
v2_1:decision:K-Abl,v2_1,decision,K-Abl,60,factonly_on_v21,,0.0,-1.0,1.0,,,,,,0.0,,0,,,,,,,,,,,0,LOWPOWER,,1.0,0.0,1.0,,M=UPPER BOUND (no clean items); D/A undefined here
v2_1:decision:K-Aug,v2_1,decision,K-Aug,60,factonly_on_v21,,-0.1167,-0.9667,0.85,,,,,,0.0,,0,,,,,,,,,,,0,LOWPOWER,,0.85,0.0,1.0,,M=UPPER BOUND (no clean items); D/A undefined here
v2_1:decision:K-Cor,v2_1,decision,K-Cor,60,factonly_on_v21,,0.0,-0.95,0.95,,,,,,0.0,,0,,,,,,,,,,,0,LOWPOWER,,0.95,0.0,1.0,,M=UPPER BOUND (no clean items); D/A undefined here
v2_1:decision:R-Abl,v2_1,decision,R-Abl,60,factonly_on_v21,,1.0,0.0,0.0,1.0,,,,,0.0,,60,0,,,,,,,,,,0,LOWPOWER,,1.0,0.0,1.0,,no both-parsed clean items; F_parse=d_clean
v2_1:decision:R-Aug,v2_1,decision,R-Aug,60,factonly_on_v21,,0.8667,0.0,0.0,0.8667,,,,,0.0,,60,0,,,,,,,,,,0,LOWPOWER,,0.8667,0.0,1.0,,no both-parsed clean items; F_parse=d_clean
v2_1:decision:R-Cor,v2_1,decision,R-Cor,60,factonly_on_v21,,1.0,0.0,0.0,1.0,,,,,0.0,,60,0,,,,,,,,,,0,LOWPOWER,,1.0,0.0,1.0,,no both-parsed clean items; F_parse=d_clean
v2_1:randomskill:ALL,v2_1,randomskill,ALL,600,factonly_on_v21,,0.5483,-0.42,-0.0261,0.9944,,,,,0.0,,180,0,,,,,,,,,,0,LOWPOWER,,0.9683,0.0,1.0,,no both-parsed clean items; F_parse=d_clean
v2_1:randomskill:Clean,v2_1,randomskill,Clean,60,factonly_on_v21,,0.7667,-0.2333,1.0,,,,,,0.0,,0,,,,,,,,,,,0,LOWPOWER,,1.0,0.0,1.0,,M=UPPER BOUND (no clean items); D/A undefined here
v2_1:randomskill:H-Abl,v2_1,randomskill,H-Abl,60,factonly_on_v21,,0.9,-0.1,1.0,,,,,,0.0,,0,,,,,,,,,,,0,LOWPOWER,,1.0,0.0,1.0,,M=UPPER BOUND (no clean items); D/A undefined here
v2_1:randomskill:H-Aug,v2_1,randomskill,H-Aug,60,factonly_on_v21,,0.2167,-0.7833,1.0,,,,,,0.0,,0,,,,,,,,,,,0,LOWPOWER,,1.0,0.0,1.0,,M=UPPER BOUND (no clean items); D/A undefined here
v2_1:randomskill:H-Cor,v2_1,randomskill,H-Cor,60,factonly_on_v21,,0.8333,-0.1667,1.0,,,,,,0.0,,0,,,,,,,,,,,0,LOWPOWER,,1.0,0.0,1.0,,M=UPPER BOUND (no clean items); D/A undefined here
v2_1:randomskill:K-Abl,v2_1,randomskill,K-Abl,60,factonly_on_v21,,0.0,-1.0,1.0,,,,,,0.0,,0,,,,,,,,,,,0,LOWPOWER,,1.0,0.0,1.0,,M=UPPER BOUND (no clean items); D/A undefined here
v2_1:randomskill:K-Aug,v2_1,randomskill,K-Aug,60,factonly_on_v21,,0.0333,-0.9667,1.0,,,,,,0.0,,0,,,,,,,,,,,0,LOWPOWER,,1.0,0.0,1.0,,M=UPPER BOUND (no clean items); D/A undefined here
v2_1:randomskill:K-Cor,v2_1,randomskill,K-Cor,60,factonly_on_v21,,-0.25,-0.95,0.7,,,,,,0.0,,0,,,,,,,,,,,0,LOWPOWER,,0.7,0.0,1.0,,M=UPPER BOUND (no clean items); D/A undefined here
v2_1:randomskill:R-Abl,v2_1,randomskill,R-Abl,60,factonly_on_v21,,0.9833,0.0,0.0,0.9833,,,,,0.0,,60,0,,,,,,,,,,0,LOWPOWER,,0.9833,0.0,1.0,,no both-parsed clean items; F_parse=d_clean
v2_1:randomskill:R-Aug,v2_1,randomskill,R-Aug,60,factonly_on_v21,,1.0,0.0,0.0,1.0,,,,,0.0,,60,0,,,,,,,,,,0,LOWPOWER,,1.0,0.0,1.0,,no both-parsed clean items; F_parse=d_clean
v2_1:randomskill:R-Cor,v2_1,randomskill,R-Cor,60,factonly_on_v21,,1.0,0.0,0.0,1.0,,,,,0.0,,60,0,,,,,,,,,,0,LOWPOWER,,1.0,0.0,1.0,,no both-parsed clean items; F_parse=d_clean
v2_1:skillcot_fixed:ALL,v2_1,skillcot_fixed,ALL,600,factonly_on_v21,,0.4717,-0.42,-0.0972,0.9889,,,,,0.0,,180,0,,,,,,,,,,0,LOWPOWER,,0.8917,0.0,1.0,,no both-parsed clean items; F_parse=d_clean
v2_1:skillcot_fixed:Clean,v2_1,skillcot_fixed,Clean,60,factonly_on_v21,,0.7667,-0.2333,1.0,,,,,,0.0,,0,,,,,,,,,,,0,LOWPOWER,,1.0,0.0,1.0,,M=UPPER BOUND (no clean items); D/A undefined here
v2_1:skillcot_fixed:H-Abl,v2_1,skillcot_fixed,H-Abl,60,factonly_on_v21,,0.9,-0.1,1.0,,,,,,0.0,,0,,,,,,,,,,,0,LOWPOWER,,1.0,0.0,1.0,,M=UPPER BOUND (no clean items); D/A undefined here
v2_1:skillcot_fixed:H-Aug,v2_1,skillcot_fixed,H-Aug,60,factonly_on_v21,,0.2167,-0.7833,1.0,,,,,,0.0,,0,,,,,,,,,,,0,LOWPOWER,,1.0,0.0,1.0,,M=UPPER BOUND (no clean items); D/A undefined here
v2_1:skillcot_fixed:H-Cor,v2_1,skillcot_fixed,H-Cor,60,factonly_on_v21,,0.5833,-0.1667,0.75,,,,,,0.0,,0,,,,,,,,,,,0,LOWPOWER,,0.75,0.0,1.0,,M=UPPER BOUND (no clean items); D/A undefined here
v2_1:skillcot_fixed:K-Abl,v2_1,skillcot_fixed,K-Abl,60,factonly_on_v21,,0.0,-1.0,1.0,,,,,,0.0,,0,,,,,,,,,,,0,LOWPOWER,,1.0,0.0,1.0,,M=UPPER BOUND (no clean items); D/A undefined here
v2_1:skillcot_fixed:K-Aug,v2_1,skillcot_fixed,K-Aug,60,factonly_on_v21,,-0.5667,-0.9667,0.4,,,,,,0.0,,0,,,,,,,,,,,0,LOWPOWER,,0.4,0.0,1.0,,M=UPPER BOUND (no clean items); D/A undefined here
v2_1:skillcot_fixed:K-Cor,v2_1,skillcot_fixed,K-Cor,60,factonly_on_v21,,-0.15,-0.95,0.8,,,,,,0.0,,0,,,,,,,,,,,0,LOWPOWER,,0.8,0.0,1.0,,M=UPPER BOUND (no clean items); D/A undefined here
v2_1:skillcot_fixed:R-Abl,v2_1,skillcot_fixed,R-Abl,60,factonly_on_v21,,1.0,0.0,0.0,1.0,,,,,0.0,,60,0,,,,,,,,,,0,LOWPOWER,,1.0,0.0,1.0,,no both-parsed clean items; F_parse=d_clean
v2_1:skillcot_fixed:R-Aug,v2_1,skillcot_fixed,R-Aug,60,factonly_on_v21,,0.9667,0.0,0.0,0.9667,,,,,0.0,,60,0,,,,,,,,,,0,LOWPOWER,,0.9667,0.0,1.0,,no both-parsed clean items; F_parse=d_clean
v2_1:skillcot_fixed:R-Cor,v2_1,skillcot_fixed,R-Cor,60,factonly_on_v21,,1.0,0.0,0.0,1.0,,,,,0.0,,60,0,,,,,,,,,,0,LOWPOWER,,1.0,0.0,1.0,,no both-parsed clean items; F_parse=d_clean
v2_1:prefix_gold:ALL,v2_1,prefix_gold,ALL,600,factonly_on_v21,,0.5533,-0.42,-0.0267,1.0,,,,,0.0,,180,0,,,,,,,,,,0,LOWPOWER,,0.9733,0.0,1.0,,no both-parsed clean items; F_parse=d_clean
v2_1:prefix_gold:Clean,v2_1,prefix_gold,Clean,60,factonly_on_v21,,0.7667,-0.2333,1.0,,,,,,0.0,,0,,,,,,,,,,,0,LOWPOWER,,1.0,0.0,1.0,,M=UPPER BOUND (no clean items); D/A undefined here
v2_1:prefix_gold:H-Abl,v2_1,prefix_gold,H-Abl,60,factonly_on_v21,,0.9,-0.1,1.0,,,,,,0.0,,0,,,,,,,,,,,0,LOWPOWER,,1.0,0.0,1.0,,M=UPPER BOUND (no clean items); D/A undefined here
v2_1:prefix_gold:H-Aug,v2_1,prefix_gold,H-Aug,60,factonly_on_v21,,0.2167,-0.7833,1.0,,,,,,0.0,,0,,,,,,,,,,,0,LOWPOWER,,1.0,0.0,1.0,,M=UPPER BOUND (no clean items); D/A undefined here
v2_1:prefix_gold:H-Cor,v2_1,prefix_gold,H-Cor,60,factonly_on_v21,,0.5667,-0.1667,0.7333,,,,,,0.0,,0,,,,,,,,,,,0,LOWPOWER,,0.7333,0.0,1.0,,M=UPPER BOUND (no clean items); D/A undefined here
v2_1:prefix_gold:K-Abl,v2_1,prefix_gold,K-Abl,60,factonly_on_v21,,0.0,-1.0,1.0,,,,,,0.0,,0,,,,,,,,,,,0,LOWPOWER,,1.0,0.0,1.0,,M=UPPER BOUND (no clean items); D/A undefined here
v2_1:prefix_gold:K-Aug,v2_1,prefix_gold,K-Aug,60,factonly_on_v21,,0.0333,-0.9667,1.0,,,,,,0.0,,0,,,,,,,,,,,0,LOWPOWER,,1.0,0.0,1.0,,M=UPPER BOUND (no clean items); D/A undefined here
v2_1:prefix_gold:K-Cor,v2_1,prefix_gold,K-Cor,60,factonly_on_v21,,0.05,-0.95,1.0,,,,,,0.0,,0,,,,,,,,,,,0,LOWPOWER,,1.0,0.0,1.0,,M=UPPER BOUND (no clean items); D/A undefined here
v2_1:prefix_gold:R-Abl,v2_1,prefix_gold,R-Abl,60,factonly_on_v21,,1.0,0.0,0.0,1.0,,,,,0.0,,60,0,,,,,,,,,,0,LOWPOWER,,1.0,0.0,1.0,,no both-parsed clean items; F_parse=d_clean
v2_1:prefix_gold:R-Aug,v2_1,prefix_gold,R-Aug,60,factonly_on_v21,,1.0,0.0,0.0,1.0,,,,,0.0,,60,0,,,,,,,,,,0,LOWPOWER,,1.0,0.0,1.0,,no both-parsed clean items; F_parse=d_clean
v2_1:prefix_gold:R-Cor,v2_1,prefix_gold,R-Cor,60,factonly_on_v21,,1.0,0.0,0.0,1.0,,,,,0.0,,60,0,,,,,,,,,,0,LOWPOWER,,1.0,0.0,1.0,,no both-parsed clean items; F_parse=d_clean
v2_1:prefix_wrong:ALL,v2_1,prefix_wrong,ALL,600,factonly_on_v21,,0.48,-0.42,-0.0778,0.9778,,,,,0.0,,180,0,,,,,,,,,,0,LOWPOWER,,0.9,0.0,1.0,,no both-parsed clean items; F_parse=d_clean
v2_1:prefix_wrong:Clean,v2_1,prefix_wrong,Clean,60,factonly_on_v21,,0.6833,-0.2333,0.9167,,,,,,0.0,,0,,,,,,,,,,,0,LOWPOWER,,0.9167,0.0,1.0,,M=UPPER BOUND (no clean items); D/A undefined here
v2_1:prefix_wrong:H-Abl,v2_1,prefix_wrong,H-Abl,60,factonly_on_v21,,0.9,-0.1,1.0,,,,,,0.0,,0,,,,,,,,,,,0,LOWPOWER,,1.0,0.0,1.0,,M=UPPER BOUND (no clean items); D/A undefined here
v2_1:prefix_wrong:H-Aug,v2_1,prefix_wrong,H-Aug,60,factonly_on_v21,,0.2167,-0.7833,1.0,,,,,,0.0,,0,,,,,,,,,,,0,LOWPOWER,,1.0,0.0,1.0,,M=UPPER BOUND (no clean items); D/A undefined here
v2_1:prefix_wrong:H-Cor,v2_1,prefix_wrong,H-Cor,60,factonly_on_v21,,0.6667,-0.1667,0.8333,,,,,,0.0,,0,,,,,,,,,,,0,LOWPOWER,,0.8333,0.0,1.0,,M=UPPER BOUND (no clean items); D/A undefined here
v2_1:prefix_wrong:K-Abl,v2_1,prefix_wrong,K-Abl,60,factonly_on_v21,,0.0,-1.0,1.0,,,,,,0.0,,0,,,,,,,,,,,0,LOWPOWER,,1.0,0.0,1.0,,M=UPPER BOUND (no clean items); D/A undefined here
v2_1:prefix_wrong:K-Aug,v2_1,prefix_wrong,K-Aug,60,factonly_on_v21,,-0.6333,-0.9667,0.3333,,,,,,-0.0,,0,,,,,,,,,,,0,LOWPOWER,,0.3333,0.0,1.0,,M=UPPER BOUND (no clean items); D/A undefined here
v2_1:prefix_wrong:K-Cor,v2_1,prefix_wrong,K-Cor,60,factonly_on_v21,,0.0333,-0.95,0.9833,,,,,,0.0,,0,,,,,,,,,,,0,LOWPOWER,,0.9833,0.0,1.0,,M=UPPER BOUND (no clean items); D/A undefined here
v2_1:prefix_wrong:R-Abl,v2_1,prefix_wrong,R-Abl,60,factonly_on_v21,,1.0,0.0,0.0,1.0,,,,,0.0,,60,0,,,,,,,,,,0,LOWPOWER,,1.0,0.0,1.0,,no both-parsed clean items; F_parse=d_clean
v2_1:prefix_wrong:R-Aug,v2_1,prefix_wrong,R-Aug,60,factonly_on_v21,,0.9333,0.0,0.0,0.9333,,,,,0.0,,60,0,,,,,,,,,,0,LOWPOWER,,0.9333,0.0,1.0,,no both-parsed clean items; F_parse=d_clean
v2_1:prefix_wrong:R-Cor,v2_1,prefix_wrong,R-Cor,60,factonly_on_v21,,1.0,0.0,0.0,1.0,,,,,0.0,,60,0,,,,,,,,,,0,LOWPOWER,,1.0,0.0,1.0,,no both-parsed clean items; F_parse=d_clean
v3:actionized_full:ALL,v3,actionized_full,ALL,600,factonly,3,0.5583,-0.3967,-0.045,1.0,,,,,0.0,,240,0,,,,,,,,,,0,LOWPOWER,,0.955,0.0,1.0,,no both-parsed clean items; F_parse=d_clean
v3:actionized_full:keep_answer,v3,actionized_full,keep_answer,60,factonly,3,0.8,-0.2,1.0,,,,,,0.0,,0,,,,,,,,,,,0,LOWPOWER,,1.0,0.0,1.0,,M=UPPER BOUND (no clean items); D/A undefined here
v3:actionized_full:override_wrong_claim,v3,actionized_full,override_wrong_claim,60,factonly,3,0.05,-0.95,1.0,,,,,,0.0,,0,,,,,,,,,,,0,LOWPOWER,,1.0,0.0,1.0,,M=UPPER BOUND (no clean items); D/A undefined here
v3:actionized_full:recompute,v3,actionized_full,recompute,180,factonly,3,0.6,-0.3222,-0.0778,1.0,,,,,0.0,,120,0,,,,,,,,,,0,LOWPOWER,,0.9222,0.0,1.0,,no both-parsed clean items; F_parse=d_clean
v3:actionized_full:retrieve_or_abstain,v3,actionized_full,retrieve_or_abstain,60,factonly,3,1.0,0.0,0.0,1.0,,,,,0.0,,60,0,,,,,,,,,,0,LOWPOWER,,1.0,0.0,1.0,,no both-parsed clean items; F_parse=d_clean
v3:actionized_full:use_provided_support,v3,actionized_full,use_provided_support,120,factonly,3,0.0333,-0.8583,0.8917,,,,,,0.0,,0,,,,,,,,,,,0,LOWPOWER,,0.8917,0.0,1.0,,M=UPPER BOUND (no clean items); D/A undefined here
v3:actionized_full:verify_bridge,v3,actionized_full,verify_bridge,60,factonly,3,0.8667,-0.1333,1.0,,,,,,0.0,,0,,,,,,,,,,,0,LOWPOWER,,1.0,0.0,1.0,,M=UPPER BOUND (no clean items); D/A undefined here
v3:actionized_full:verify_step,v3,actionized_full,verify_step,60,factonly,3,1.0,0.0,0.0,1.0,,,,,0.0,,60,0,,,,,,,,,,0,LOWPOWER,,1.0,0.0,1.0,,no both-parsed clean items; F_parse=d_clean
v3:cot:ALL,v3,cot,ALL,600,factonly,3,0.5967,-0.3967,-0.0067,1.0,,,,,0.0,,240,0,,,,,,,,,,0,LOWPOWER,,0.9933,0.0,1.0,,no both-parsed clean items; F_parse=d_clean
v3:cot:keep_answer,v3,cot,keep_answer,60,factonly,3,0.7667,-0.2,0.9667,,,,,,0.0,,0,,,,,,,,,,,0,LOWPOWER,,0.9667,0.0,1.0,,M=UPPER BOUND (no clean items); D/A undefined here
v3:cot:override_wrong_claim,v3,cot,override_wrong_claim,60,factonly,3,0.05,-0.95,1.0,,,,,,0.0,,0,,,,,,,,,,,0,LOWPOWER,,1.0,0.0,1.0,,M=UPPER BOUND (no clean items); D/A undefined here
v3:cot:recompute,v3,cot,recompute,180,factonly,3,0.6722,-0.3222,-0.0056,1.0,,,,,0.0,,120,0,,,,,,,,,,0,LOWPOWER,,0.9944,0.0,1.0,,no both-parsed clean items; F_parse=d_clean
v3:cot:retrieve_or_abstain,v3,cot,retrieve_or_abstain,60,factonly,3,1.0,0.0,0.0,1.0,,,,,0.0,,60,0,,,,,,,,,,0,LOWPOWER,,1.0,0.0,1.0,,no both-parsed clean items; F_parse=d_clean
v3:cot:use_provided_support,v3,cot,use_provided_support,120,factonly,3,0.1333,-0.8583,0.9917,,,,,,0.0,,0,,,,,,,,,,,0,LOWPOWER,,0.9917,0.0,1.0,,M=UPPER BOUND (no clean items); D/A undefined here
v3:cot:verify_bridge,v3,cot,verify_bridge,60,factonly,3,0.8667,-0.1333,1.0,,,,,,0.0,,0,,,,,,,,,,,0,LOWPOWER,,1.0,0.0,1.0,,M=UPPER BOUND (no clean items); D/A undefined here
v3:cot:verify_step,v3,cot,verify_step,60,factonly,3,1.0,0.0,0.0,1.0,,,,,0.0,,60,0,,,,,,,,,,0,LOWPOWER,,1.0,0.0,1.0,,no both-parsed clean items; F_parse=d_clean
v3:targeted_override_wrong_claim:ALL,v3,targeted_override_wrong_claim,ALL,600,factonly,3,0.0567,-0.3967,0.4033,0.05,,,,,-0.0,,240,0,,,,,,,,,,0,LOWPOWER,,0.4533,0.0,0.9833,,no both-parsed clean items; F_parse=d_clean
v3:targeted_override_wrong_claim:keep_answer,v3,targeted_override_wrong_claim,keep_answer,60,factonly,3,0.2,-0.2,0.4,,,,,,0.0,,0,,,,,,,,,,,0,LOWPOWER,,0.4,0.0,1.0,,M=UPPER BOUND (no clean items); D/A undefined here
v3:targeted_override_wrong_claim:override_wrong_claim,v3,targeted_override_wrong_claim,override_wrong_claim,60,factonly,3,0.0,-0.95,0.95,,,,,,0.0,,0,,,,,,,,,,,0,LOWPOWER,,0.95,0.0,1.0,,M=UPPER BOUND (no clean items); D/A undefined here
v3:targeted_override_wrong_claim:recompute,v3,targeted_override_wrong_claim,recompute,180,factonly,3,0.0278,-0.3222,0.3,0.05,,,,,-0.0,,120,0,,,,,,,,,,0,LOWPOWER,,0.35,0.0,1.0,,no both-parsed clean items; F_parse=d_clean
v3:targeted_override_wrong_claim:retrieve_or_abstain,v3,targeted_override_wrong_claim,retrieve_or_abstain,60,factonly,3,0.0,0.0,0.0,0.0,,,,,0.0,,60,0,,,,,,,,,,0,LOWPOWER,,0.0,0.0,0.8667,,no both-parsed clean items; F_parse=d_clean
v3:targeted_override_wrong_claim:use_provided_support,v3,targeted_override_wrong_claim,use_provided_support,120,factonly,3,0.075,-0.8583,0.9333,,,,,,0.0,,0,,,,,,,,,,,0,LOWPOWER,,0.9333,0.0,0.9917,,M=UPPER BOUND (no clean items); D/A undefined here
v3:targeted_override_wrong_claim:verify_bridge,v3,targeted_override_wrong_claim,verify_bridge,60,factonly,3,0.0333,-0.1333,0.1667,,,,,,0.0,,0,,,,,,,,,,,0,LOWPOWER,,0.1667,0.0,1.0,,M=UPPER BOUND (no clean items); D/A undefined here
v3:targeted_override_wrong_claim:verify_step,v3,targeted_override_wrong_claim,verify_step,60,factonly,3,0.1,0.0,0.0,0.1,,,,,0.0,,60,0,,,,,,,,,,0,LOWPOWER,,0.1,0.0,0.9833,,no both-parsed clean items; F_parse=d_clean
v3:targeted_verify_bridge:ALL,v3,targeted_verify_bridge,ALL,600,factonly,3,0.07,-0.3967,0.3708,0.0958,,,,,-0.0,,240,0,,,,,,,,,,0,LOWPOWER,,0.4667,0.0,0.965,,no both-parsed clean items; F_parse=d_clean
v3:targeted_verify_bridge:keep_answer,v3,targeted_verify_bridge,keep_answer,60,factonly,3,0.4333,-0.2,0.6333,,,,,,0.0,,0,,,,,,,,,,,0,LOWPOWER,,0.6333,0.0,1.0,,M=UPPER BOUND (no clean items); D/A undefined here
v3:targeted_verify_bridge:override_wrong_claim,v3,targeted_verify_bridge,override_wrong_claim,60,factonly,3,-0.2667,-0.95,0.6833,,,,,,0.0,,0,,,,,,,,,,,0,LOWPOWER,,0.6833,0.0,0.9667,,M=UPPER BOUND (no clean items); D/A undefined here
v3:targeted_verify_bridge:recompute,v3,targeted_verify_bridge,recompute,180,factonly,3,0.0278,-0.3222,0.1917,0.1583,,,,,0.0,,120,0,,,,,,,,,,0,LOWPOWER,,0.35,0.0,0.9167,,no both-parsed clean items; F_parse=d_clean
v3:targeted_verify_bridge:retrieve_or_abstain,v3,targeted_verify_bridge,retrieve_or_abstain,60,factonly,3,0.0,0.0,0.0,0.0,,,,,0.0,,60,0,,,,,,,,,,0,LOWPOWER,,0.0,0.0,1.0,,no both-parsed clean items; F_parse=d_clean
v3:targeted_verify_bridge:use_provided_support,v3,targeted_verify_bridge,use_provided_support,120,factonly,3,-0.1667,-0.8583,0.6917,,,,,,0.0,,0,,,,,,,,,,,0,LOWPOWER,,0.6917,0.0,0.9917,,M=UPPER BOUND (no clean items); D/A undefined here
v3:targeted_verify_bridge:verify_bridge,v3,targeted_verify_bridge,verify_bridge,60,factonly,3,0.7167,-0.1333,0.85,,,,,,0.0,,0,,,,,,,,,,,0,LOWPOWER,,0.85,0.0,1.0,,M=UPPER BOUND (no clean items); D/A undefined here
v3:targeted_verify_bridge:verify_step,v3,targeted_verify_bridge,verify_step,60,factonly,3,0.0667,0.0,0.0,0.0667,,,,,0.0,,60,0,,,,,,,,,,0,LOWPOWER,,0.0667,0.0,0.95,,no both-parsed clean items; F_parse=d_clean
v3:targeted_verify_step:ALL,v3,targeted_verify_step,ALL,600,factonly,3,0.0467,-0.3967,0.1308,0.3125,,,,,0.0,,240,0,,,,,,,,,,0,LOWPOWER,,0.4433,0.0,0.835,,no both-parsed clean items; F_parse=d_clean
v3:targeted_verify_step:keep_answer,v3,targeted_verify_step,keep_answer,60,factonly,3,0.15,-0.2,0.35,,,,,,0.0,,0,,,,,,,,,,,0,LOWPOWER,,0.35,0.0,0.8167,,M=UPPER BOUND (no clean items); D/A undefined here
v3:targeted_verify_step:override_wrong_claim,v3,targeted_verify_step,override_wrong_claim,60,factonly,3,-0.35,-0.95,0.6,,,,,,0.0,,0,,,,,,,,,,,0,LOWPOWER,,0.6,0.0,0.85,,M=UPPER BOUND (no clean items); D/A undefined here
v3:targeted_verify_step:recompute,v3,targeted_verify_step,recompute,180,factonly,3,0.0222,-0.3222,0.1944,0.15,,,,,0.0,,120,0,,,,,,,,,,0,LOWPOWER,,0.3444,0.0,0.8444,,no both-parsed clean items; F_parse=d_clean
v3:targeted_verify_step:retrieve_or_abstain,v3,targeted_verify_step,retrieve_or_abstain,60,factonly,3,0.0,0.0,0.0,0.0,,,,,0.0,,60,0,,,,,,,,,,0,LOWPOWER,,0.0,0.0,0.5,,no both-parsed clean items; F_parse=d_clean
v3:targeted_verify_step:use_provided_support,v3,targeted_verify_step,use_provided_support,120,factonly,3,-0.1917,-0.8583,0.6667,,,,,,0.0,,0,,,,,,,,,,,0,LOWPOWER,,0.6667,0.0,0.8667,,M=UPPER BOUND (no clean items); D/A undefined here
v3:targeted_verify_step:verify_bridge,v3,targeted_verify_step,verify_bridge,60,factonly,3,0.0333,-0.1333,0.1667,,,,,,0.0,,0,,,,,,,,,,,0,LOWPOWER,,0.1667,0.0,0.9167,,M=UPPER BOUND (no clean items); D/A undefined here
v3:targeted_verify_step:verify_step,v3,targeted_verify_step,verify_step,60,factonly,3,0.95,0.0,0.0,0.95,,,,,0.0,,60,0,,,,,,,,,,0,LOWPOWER,,0.95,0.0,1.0,,no both-parsed clean items; F_parse=d_clean
v3:targeted_recompute:ALL,v3,targeted_recompute,ALL,600,factonly,3,0.51,-0.3967,-0.0933,1.0,,,,,0.0,,240,0,,,,,,,,,,0,LOWPOWER,,0.9067,0.0,1.0,,no both-parsed clean items; F_parse=d_clean
v3:targeted_recompute:keep_answer,v3,targeted_recompute,keep_answer,60,factonly,3,0.6167,-0.2,0.8167,,,,,,0.0,,0,,,,,,,,,,,0,LOWPOWER,,0.8167,0.0,1.0,,M=UPPER BOUND (no clean items); D/A undefined here
v3:targeted_recompute:override_wrong_claim,v3,targeted_recompute,override_wrong_claim,60,factonly,3,0.05,-0.95,1.0,,,,,,0.0,,0,,,,,,,,,,,0,LOWPOWER,,1.0,0.0,1.0,,M=UPPER BOUND (no clean items); D/A undefined here
v3:targeted_recompute:recompute,v3,targeted_recompute,recompute,180,factonly,3,0.6778,-0.3222,0.0,1.0,,,,,0.0,,120,0,,,,,,,,,,0,LOWPOWER,,1.0,0.0,1.0,,no both-parsed clean items; F_parse=d_clean
v3:targeted_recompute:retrieve_or_abstain,v3,targeted_recompute,retrieve_or_abstain,60,factonly,3,1.0,0.0,0.0,1.0,,,,,0.0,,60,0,,,,,,,,,,0,LOWPOWER,,1.0,0.0,1.0,,no both-parsed clean items; F_parse=d_clean
v3:targeted_recompute:use_provided_support,v3,targeted_recompute,use_provided_support,120,factonly,3,0.1083,-0.8583,0.9667,,,,,,0.0,,0,,,,,,,,,,,0,LOWPOWER,,0.9667,0.0,1.0,,M=UPPER BOUND (no clean items); D/A undefined here
v3:targeted_recompute:verify_bridge,v3,targeted_recompute,verify_bridge,60,factonly,3,0.1833,-0.1333,0.3167,,,,,,0.0,,0,,,,,,,,,,,0,LOWPOWER,,0.3167,0.0,1.0,,M=UPPER BOUND (no clean items); D/A undefined here
v3:targeted_recompute:verify_step,v3,targeted_recompute,verify_step,60,factonly,3,1.0,0.0,0.0,1.0,,,,,0.0,,60,0,,,,,,,,,,0,LOWPOWER,,1.0,0.0,1.0,,no both-parsed clean items; F_parse=d_clean
v3:targeted_use_provided_support:ALL,v3,targeted_use_provided_support,ALL,600,factonly,3,0.2583,-0.3967,0.0592,0.5958,,,,,0.0,,240,0,,,,,,,,,,0,LOWPOWER,,0.655,0.0,1.0,,no both-parsed clean items; F_parse=d_clean
v3:targeted_use_provided_support:keep_answer,v3,targeted_use_provided_support,keep_answer,60,factonly,3,0.7167,-0.2,0.9167,,,,,,0.0,,0,,,,,,,,,,,0,LOWPOWER,,0.9167,0.0,1.0,,M=UPPER BOUND (no clean items); D/A undefined here
v3:targeted_use_provided_support:override_wrong_claim,v3,targeted_use_provided_support,override_wrong_claim,60,factonly,3,-0.7833,-0.95,0.1667,,,,,,-0.0,,0,,,,,,,,,,,0,LOWPOWER,,0.1667,0.0,1.0,,M=UPPER BOUND (no clean items); D/A undefined here
v3:targeted_use_provided_support:recompute,v3,targeted_use_provided_support,recompute,180,factonly,3,0.3556,-0.3222,0.1528,0.525,,,,,0.0,,120,0,,,,,,,,,,0,LOWPOWER,,0.6778,0.0,1.0,,no both-parsed clean items; F_parse=d_clean
v3:targeted_use_provided_support:retrieve_or_abstain,v3,targeted_use_provided_support,retrieve_or_abstain,60,factonly,3,1.0,0.0,0.0,1.0,,,,,0.0,,60,0,,,,,,,,,,0,LOWPOWER,,1.0,0.0,1.0,,no both-parsed clean items; F_parse=d_clean
v3:targeted_use_provided_support:use_provided_support,v3,targeted_use_provided_support,use_provided_support,120,factonly,3,0.1417,-0.8583,1.0,,,,,,0.0,,0,,,,,,,,,,,0,LOWPOWER,,1.0,0.0,1.0,,M=UPPER BOUND (no clean items); D/A undefined here
v3:targeted_use_provided_support:verify_bridge,v3,targeted_use_provided_support,verify_bridge,60,factonly,3,-0.0333,-0.1333,0.1,,,,,,0.0,,0,,,,,,,,,,,0,LOWPOWER,,0.1,0.0,1.0,,M=UPPER BOUND (no clean items); D/A undefined here
v3:targeted_use_provided_support:verify_step,v3,targeted_use_provided_support,verify_step,60,factonly,3,0.3333,0.0,0.0,0.3333,,,,,0.0,,60,0,,,,,,,,,,0,LOWPOWER,,0.3333,0.0,1.0,,no both-parsed clean items; F_parse=d_clean
v3:targeted_retrieve_or_abstain:ALL,v3,targeted_retrieve_or_abstain,ALL,600,factonly,3,0.0633,-0.3967,0.0683,0.3917,,,,,0.0,,240,0,,,,,,,,,,0,LOWPOWER,,0.46,0.0,0.8917,,no both-parsed clean items; F_parse=d_clean
v3:targeted_retrieve_or_abstain:keep_answer,v3,targeted_retrieve_or_abstain,keep_answer,60,factonly,3,0.3167,-0.2,0.5167,,,,,,0.0,,0,,,,,,,,,,,0,LOWPOWER,,0.5167,0.0,0.9,,M=UPPER BOUND (no clean items); D/A undefined here
v3:targeted_retrieve_or_abstain:override_wrong_claim,v3,targeted_retrieve_or_abstain,override_wrong_claim,60,factonly,3,-0.3667,-0.95,0.5833,,,,,,0.0,,0,,,,,,,,,,,0,LOWPOWER,,0.5833,0.0,0.9333,,M=UPPER BOUND (no clean items); D/A undefined here
v3:targeted_retrieve_or_abstain:recompute,v3,targeted_retrieve_or_abstain,recompute,180,factonly,3,0.0444,-0.3222,0.1333,0.2333,,,,,0.0,,120,0,,,,,,,,,,0,LOWPOWER,,0.3667,0.0,0.8556,,no both-parsed clean items; F_parse=d_clean
v3:targeted_retrieve_or_abstain:retrieve_or_abstain,v3,targeted_retrieve_or_abstain,retrieve_or_abstain,60,factonly,3,1.0,0.0,0.0,1.0,,,,,0.0,,60,0,,,,,,,,,,0,LOWPOWER,,1.0,0.0,1.0,,no both-parsed clean items; F_parse=d_clean
v3:targeted_retrieve_or_abstain:use_provided_support,v3,targeted_retrieve_or_abstain,use_provided_support,120,factonly,3,-0.2833,-0.8583,0.575,,,,,,0.0,,0,,,,,,,,,,,0,LOWPOWER,,0.575,0.0,0.8917,,M=UPPER BOUND (no clean items); D/A undefined here
v3:targeted_retrieve_or_abstain:verify_bridge,v3,targeted_retrieve_or_abstain,verify_bridge,60,factonly,3,0.0167,-0.1333,0.15,,,,,,0.0,,0,,,,,,,,,,,0,LOWPOWER,,0.15,0.0,0.8833,,M=UPPER BOUND (no clean items); D/A undefined here
v3:targeted_retrieve_or_abstain:verify_step,v3,targeted_retrieve_or_abstain,verify_step,60,factonly,3,0.1,0.0,0.0,0.1,,,,,0.0,,60,0,,,,,,,,,,0,LOWPOWER,,0.1,0.0,0.85,,no both-parsed clean items; F_parse=d_clean
v3:random_override_wrong_claim:ALL,v3,random_override_wrong_claim,ALL,600,factonly,,0.3117,-0.3967,0.0083,0.7,,,,,0.0,,240,0,,,,,,,,,,0,LOWPOWER,,0.7083,0.0,0.975,,no both-parsed clean items; F_parse=d_clean
v3:random_override_wrong_claim:keep_answer,v3,random_override_wrong_claim,keep_answer,60,factonly,,0.5333,-0.2,0.7333,,,,,,0.0,,0,,,,,,,,,,,0,LOWPOWER,,0.7333,0.0,0.9833,,M=UPPER BOUND (no clean items); D/A undefined here
v3:random_override_wrong_claim:override_wrong_claim,v3,random_override_wrong_claim,override_wrong_claim,60,factonly,,-0.3833,-0.95,0.5667,,,,,,0.0,,0,,,,,,,,,,,0,LOWPOWER,,0.5667,0.0,1.0,,M=UPPER BOUND (no clean items); D/A undefined here
v3:random_override_wrong_claim:recompute,v3,random_override_wrong_claim,recompute,180,factonly,,0.55,-0.3222,0.0222,0.85,,,,,0.0,,120,0,,,,,,,,,,0,LOWPOWER,,0.8722,0.0,0.9889,,no both-parsed clean items; F_parse=d_clean
v3:random_override_wrong_claim:retrieve_or_abstain,v3,random_override_wrong_claim,retrieve_or_abstain,60,factonly,,0.35,0.0,0.0,0.35,,,,,0.0,,60,0,,,,,,,,,,0,LOWPOWER,,0.35,0.0,0.9667,,no both-parsed clean items; F_parse=d_clean
v3:random_override_wrong_claim:use_provided_support,v3,random_override_wrong_claim,use_provided_support,120,factonly,,0.0167,-0.8583,0.875,,,,,,0.0,,0,,,,,,,,,,,0,LOWPOWER,,0.875,0.0,0.9833,,M=UPPER BOUND (no clean items); D/A undefined here
v3:random_override_wrong_claim:verify_bridge,v3,random_override_wrong_claim,verify_bridge,60,factonly,,0.1833,-0.1333,0.3167,,,,,,0.0,,0,,,,,,,,,,,0,LOWPOWER,,0.3167,0.0,0.9333,,M=UPPER BOUND (no clean items); D/A undefined here
v3:random_override_wrong_claim:verify_step,v3,random_override_wrong_claim,verify_step,60,factonly,,0.75,0.0,0.0,0.75,,,,,0.0,,60,0,,,,,,,,,,0,LOWPOWER,,0.75,0.0,0.9333,,no both-parsed clean items; F_parse=d_clean
v3:random_verify_bridge:ALL,v3,random_verify_bridge,ALL,600,factonly,,0.2617,-0.3967,-0.025,0.6833,,,,,0.0,,240,0,,,,,,,,,,0,LOWPOWER,,0.6583,0.0,0.9717,,no both-parsed clean items; F_parse=d_clean
v3:random_verify_bridge:keep_answer,v3,random_verify_bridge,keep_answer,60,factonly,,0.3667,-0.2,0.5667,,,,,,0.0,,0,,,,,,,,,,,0,LOWPOWER,,0.5667,0.0,0.9833,,M=UPPER BOUND (no clean items); D/A undefined here
v3:random_verify_bridge:override_wrong_claim,v3,random_verify_bridge,override_wrong_claim,60,factonly,,-0.4667,-0.95,0.4833,,,,,,0.0,,0,,,,,,,,,,,0,LOWPOWER,,0.4833,0.0,0.9167,,M=UPPER BOUND (no clean items); D/A undefined here
v3:random_verify_bridge:recompute,v3,random_verify_bridge,recompute,180,factonly,,0.4833,-0.3222,0.0639,0.7417,,,,,0.0,,120,0,,,,,,,,,,0,LOWPOWER,,0.8056,0.0,0.9944,,no both-parsed clean items; F_parse=d_clean
v3:random_verify_bridge:retrieve_or_abstain,v3,random_verify_bridge,retrieve_or_abstain,60,factonly,,1.0,0.0,0.0,1.0,,,,,0.0,,60,0,,,,,,,,,,0,LOWPOWER,,1.0,0.0,1.0,,no both-parsed clean items; F_parse=d_clean
v3:random_verify_bridge:use_provided_support,v3,random_verify_bridge,use_provided_support,120,factonly,,-0.05,-0.8583,0.8083,,,,,,0.0,,0,,,,,,,,,,,0,LOWPOWER,,0.8083,0.0,0.9667,,M=UPPER BOUND (no clean items); D/A undefined here
v3:random_verify_bridge:verify_bridge,v3,random_verify_bridge,verify_bridge,60,factonly,,0.1167,-0.1333,0.25,,,,,,0.0,,0,,,,,,,,,,,0,LOWPOWER,,0.25,0.0,0.9667,,M=UPPER BOUND (no clean items); D/A undefined here
v3:random_verify_bridge:verify_step,v3,random_verify_bridge,verify_step,60,factonly,,0.25,0.0,0.0,0.25,,,,,0.0,,60,0,,,,,,,,,,0,LOWPOWER,,0.25,0.0,0.9333,,no both-parsed clean items; F_parse=d_clean
v3:random_verify_step:ALL,v3,random_verify_step,ALL,600,factonly,,0.305,-0.3967,0.085,0.6167,,,,,0.0,,240,0,,,,,,,,,,0,LOWPOWER,,0.7017,0.0,0.9867,,no both-parsed clean items; F_parse=d_clean
v3:random_verify_step:keep_answer,v3,random_verify_step,keep_answer,60,factonly,,0.3167,-0.2,0.5167,,,,,,0.0,,0,,,,,,,,,,,0,LOWPOWER,,0.5167,0.0,0.9833,,M=UPPER BOUND (no clean items); D/A undefined here
v3:random_verify_step:override_wrong_claim,v3,random_verify_step,override_wrong_claim,60,factonly,,-0.0833,-0.95,0.8667,,,,,,0.0,,0,,,,,,,,,,,0,LOWPOWER,,0.8667,0.0,0.9833,,M=UPPER BOUND (no clean items); D/A undefined here
v3:random_verify_step:recompute,v3,random_verify_step,recompute,180,factonly,,0.5667,-0.3222,0.0472,0.8417,,,,,0.0,,120,0,,,,,,,,,,0,LOWPOWER,,0.8889,0.0,1.0,,no both-parsed clean items; F_parse=d_clean
v3:random_verify_step:retrieve_or_abstain,v3,random_verify_step,retrieve_or_abstain,60,factonly,,0.0833,0.0,0.0,0.0833,,,,,0.0,,60,0,,,,,,,,,,0,LOWPOWER,,0.0833,0.0,0.9667,,no both-parsed clean items; F_parse=d_clean
v3:random_verify_step:use_provided_support,v3,random_verify_step,use_provided_support,120,factonly,,0.0917,-0.8583,0.95,,,,,,0.0,,0,,,,,,,,,,,0,LOWPOWER,,0.95,0.0,0.9917,,M=UPPER BOUND (no clean items); D/A undefined here
v3:random_verify_step:verify_bridge,v3,random_verify_step,verify_bridge,60,factonly,,0.15,-0.1333,0.2833,,,,,,0.0,,0,,,,,,,,,,,0,LOWPOWER,,0.2833,0.0,0.9833,,M=UPPER BOUND (no clean items); D/A undefined here
v3:random_verify_step:verify_step,v3,random_verify_step,verify_step,60,factonly,,0.7,0.0,0.0,0.7,,,,,0.0,,60,0,,,,,,,,,,0,LOWPOWER,,0.7,0.0,0.9667,,no both-parsed clean items; F_parse=d_clean
v3:random_recompute:ALL,v3,random_recompute,ALL,600,factonly,,0.5717,-0.3967,-0.0233,0.9917,,,,,0.0,,240,0,,,,,,,,,,0,LOWPOWER,,0.9683,0.0,1.0,,no both-parsed clean items; F_parse=d_clean
v3:random_recompute:keep_answer,v3,random_recompute,keep_answer,60,factonly,,0.75,-0.2,0.95,,,,,,0.0,,0,,,,,,,,,,,0,LOWPOWER,,0.95,0.0,1.0,,M=UPPER BOUND (no clean items); D/A undefined here
v3:random_recompute:override_wrong_claim,v3,random_recompute,override_wrong_claim,60,factonly,,0.05,-0.95,1.0,,,,,,0.0,,0,,,,,,,,,,,0,LOWPOWER,,1.0,0.0,1.0,,M=UPPER BOUND (no clean items); D/A undefined here
v3:random_recompute:recompute,v3,random_recompute,recompute,180,factonly,,0.6778,-0.3222,0.0,1.0,,,,,0.0,,120,0,,,,,,,,,,0,LOWPOWER,,1.0,0.0,1.0,,no both-parsed clean items; F_parse=d_clean
v3:random_recompute:retrieve_or_abstain,v3,random_recompute,retrieve_or_abstain,60,factonly,,1.0,0.0,0.0,1.0,,,,,0.0,,60,0,,,,,,,,,,0,LOWPOWER,,1.0,0.0,1.0,,no both-parsed clean items; F_parse=d_clean
v3:random_recompute:use_provided_support,v3,random_recompute,use_provided_support,120,factonly,,0.1417,-0.8583,1.0,,,,,,0.0,,0,,,,,,,,,,,0,LOWPOWER,,1.0,0.0,1.0,,M=UPPER BOUND (no clean items); D/A undefined here
v3:random_recompute:verify_bridge,v3,random_recompute,verify_bridge,60,factonly,,0.6333,-0.1333,0.7667,,,,,,0.0,,0,,,,,,,,,,,0,LOWPOWER,,0.7667,0.0,1.0,,M=UPPER BOUND (no clean items); D/A undefined here
v3:random_recompute:verify_step,v3,random_recompute,verify_step,60,factonly,,0.9667,0.0,0.0,0.9667,,,,,0.0,,60,0,,,,,,,,,,0,LOWPOWER,,0.9667,0.0,1.0,,no both-parsed clean items; F_parse=d_clean
v3:random_use_provided_support:ALL,v3,random_use_provided_support,ALL,600,factonly,,0.51,-0.3967,-0.0933,1.0,,,,,0.0,,240,0,,,,,,,,,,0,LOWPOWER,,0.9067,0.0,1.0,,no both-parsed clean items; F_parse=d_clean
v3:random_use_provided_support:keep_answer,v3,random_use_provided_support,keep_answer,60,factonly,,0.6167,-0.2,0.8167,,,,,,0.0,,0,,,,,,,,,,,0,LOWPOWER,,0.8167,0.0,1.0,,M=UPPER BOUND (no clean items); D/A undefined here
v3:random_use_provided_support:override_wrong_claim,v3,random_use_provided_support,override_wrong_claim,60,factonly,,0.0,-0.95,0.95,,,,,,0.0,,0,,,,,,,,,,,0,LOWPOWER,,0.95,0.0,1.0,,M=UPPER BOUND (no clean items); D/A undefined here
v3:random_use_provided_support:recompute,v3,random_use_provided_support,recompute,180,factonly,,0.6778,-0.3222,0.0,1.0,,,,,0.0,,120,0,,,,,,,,,,0,LOWPOWER,,1.0,0.0,1.0,,no both-parsed clean items; F_parse=d_clean
v3:random_use_provided_support:retrieve_or_abstain,v3,random_use_provided_support,retrieve_or_abstain,60,factonly,,1.0,0.0,0.0,1.0,,,,,0.0,,60,0,,,,,,,,,,0,LOWPOWER,,1.0,0.0,1.0,,no both-parsed clean items; F_parse=d_clean
v3:random_use_provided_support:use_provided_support,v3,random_use_provided_support,use_provided_support,120,factonly,,0.1417,-0.8583,1.0,,,,,,0.0,,0,,,,,,,,,,,0,LOWPOWER,,1.0,0.0,1.0,,M=UPPER BOUND (no clean items); D/A undefined here
v3:random_use_provided_support:verify_bridge,v3,random_use_provided_support,verify_bridge,60,factonly,,0.1667,-0.1333,0.3,,,,,,0.0,,0,,,,,,,,,,,0,LOWPOWER,,0.3,0.0,1.0,,M=UPPER BOUND (no clean items); D/A undefined here
v3:random_use_provided_support:verify_step,v3,random_use_provided_support,verify_step,60,factonly,,1.0,0.0,0.0,1.0,,,,,0.0,,60,0,,,,,,,,,,0,LOWPOWER,,1.0,0.0,1.0,,no both-parsed clean items; F_parse=d_clean
v3:random_retrieve_or_abstain:ALL,v3,random_retrieve_or_abstain,ALL,600,factonly,,0.2433,-0.3967,0.0858,0.5542,,,,,0.0,,240,0,,,,,,,,,,0,LOWPOWER,,0.64,0.0,0.9583,,no both-parsed clean items; F_parse=d_clean
v3:random_retrieve_or_abstain:keep_answer,v3,random_retrieve_or_abstain,keep_answer,60,factonly,,0.4333,-0.2,0.6333,,,,,,0.0,,0,,,,,,,,,,,0,LOWPOWER,,0.6333,0.0,0.9833,,M=UPPER BOUND (no clean items); D/A undefined here
v3:random_retrieve_or_abstain:override_wrong_claim,v3,random_retrieve_or_abstain,override_wrong_claim,60,factonly,,-0.3667,-0.95,0.5833,,,,,,0.0,,0,,,,,,,,,,,0,LOWPOWER,,0.5833,0.0,0.9667,,M=UPPER BOUND (no clean items); D/A undefined here
v3:random_retrieve_or_abstain:recompute,v3,random_retrieve_or_abstain,recompute,180,factonly,,0.5056,-0.3222,0.0361,0.7917,,,,,0.0,,120,0,,,,,,,,,,0,LOWPOWER,,0.8278,0.0,0.9889,,no both-parsed clean items; F_parse=d_clean
v3:random_retrieve_or_abstain:retrieve_or_abstain,v3,random_retrieve_or_abstain,retrieve_or_abstain,60,factonly,,0.2,0.0,0.0,0.2,,,,,0.0,,60,0,,,,,,,,,,0,LOWPOWER,,0.2,0.0,0.8,,no both-parsed clean items; F_parse=d_clean
v3:random_retrieve_or_abstain:use_provided_support,v3,random_retrieve_or_abstain,use_provided_support,120,factonly,,0.0417,-0.8583,0.9,,,,,,0.0,,0,,,,,,,,,,,0,LOWPOWER,,0.9,0.0,0.9667,,M=UPPER BOUND (no clean items); D/A undefined here
v3:random_retrieve_or_abstain:verify_bridge,v3,random_retrieve_or_abstain,verify_bridge,60,factonly,,0.1333,-0.1333,0.2667,,,,,,0.0,,0,,,,,,,,,,,0,LOWPOWER,,0.2667,0.0,0.95,,M=UPPER BOUND (no clean items); D/A undefined here
v3:random_retrieve_or_abstain:verify_step,v3,random_retrieve_or_abstain,verify_step,60,factonly,,0.4333,0.0,0.0,0.4333,,,,,0.0,,60,0,,,,,,,,,,0,LOWPOWER,,0.4333,0.0,0.9833,,no both-parsed clean items; F_parse=d_clean
v3:wrongtarget_override_wrong_claim:ALL,v3,wrongtarget_override_wrong_claim,ALL,600,factonly,,0.0633,-0.3967,0.4142,0.0458,,,,,0.0,,240,0,,,,,,,,,,0,LOWPOWER,,0.46,0.0,0.985,,no both-parsed clean items; F_parse=d_clean
v3:wrongtarget_override_wrong_claim:keep_answer,v3,wrongtarget_override_wrong_claim,keep_answer,60,factonly,,0.1333,-0.2,0.3333,,,,,,0.0,,0,,,,,,,,,,,0,LOWPOWER,,0.3333,0.0,1.0,,M=UPPER BOUND (no clean items); D/A undefined here
v3:wrongtarget_override_wrong_claim:override_wrong_claim,v3,wrongtarget_override_wrong_claim,override_wrong_claim,60,factonly,,0.0167,-0.95,0.9667,,,,,,0.0,,0,,,,,,,,,,,0,LOWPOWER,,0.9667,0.0,1.0,,M=UPPER BOUND (no clean items); D/A undefined here
v3:wrongtarget_override_wrong_claim:recompute,v3,wrongtarget_override_wrong_claim,recompute,180,factonly,,0.0556,-0.3222,0.3028,0.075,,,,,0.0,,120,0,,,,,,,,,,0,LOWPOWER,,0.3778,0.0,1.0,,no both-parsed clean items; F_parse=d_clean
v3:wrongtarget_override_wrong_claim:retrieve_or_abstain,v3,wrongtarget_override_wrong_claim,retrieve_or_abstain,60,factonly,,0.0,0.0,0.0,0.0,,,,,0.0,,60,0,,,,,,,,,,0,LOWPOWER,,0.0,0.0,1.0,,no both-parsed clean items; F_parse=d_clean
v3:wrongtarget_override_wrong_claim:use_provided_support,v3,wrongtarget_override_wrong_claim,use_provided_support,120,factonly,,0.1083,-0.8583,0.9667,,,,,,0.0,,0,,,,,,,,,,,0,LOWPOWER,,0.9667,0.0,1.0,,M=UPPER BOUND (no clean items); D/A undefined here
v3:wrongtarget_override_wrong_claim:verify_bridge,v3,wrongtarget_override_wrong_claim,verify_bridge,60,factonly,,0.0667,-0.1333,0.2,,,,,,0.0,,0,,,,,,,,,,,0,LOWPOWER,,0.2,0.0,1.0,,M=UPPER BOUND (no clean items); D/A undefined here
v3:wrongtarget_override_wrong_claim:verify_step,v3,wrongtarget_override_wrong_claim,verify_step,60,factonly,,0.0333,0.0,0.0,0.0333,,,,,0.0,,60,0,,,,,,,,,,0,LOWPOWER,,0.0333,0.0,0.85,,no both-parsed clean items; F_parse=d_clean
v3:wrongtarget_verify_bridge:ALL,v3,wrongtarget_verify_bridge,ALL,600,factonly,,0.0633,-0.3967,0.36,0.1,,,,,0.0,,240,0,,,,,,,,,,0,LOWPOWER,,0.46,0.0,0.9733,,no both-parsed clean items; F_parse=d_clean
v3:wrongtarget_verify_bridge:keep_answer,v3,wrongtarget_verify_bridge,keep_answer,60,factonly,,0.5167,-0.2,0.7167,,,,,,0.0,,0,,,,,,,,,,,0,LOWPOWER,,0.7167,0.0,0.9833,,M=UPPER BOUND (no clean items); D/A undefined here
v3:wrongtarget_verify_bridge:override_wrong_claim,v3,wrongtarget_verify_bridge,override_wrong_claim,60,factonly,,-0.25,-0.95,0.7,,,,,,0.0,,0,,,,,,,,,,,0,LOWPOWER,,0.7,0.0,0.9667,,M=UPPER BOUND (no clean items); D/A undefined here
v3:wrongtarget_verify_bridge:recompute,v3,wrongtarget_verify_bridge,recompute,180,factonly,,-0.0111,-0.3222,0.1694,0.1417,,,,,0.0,,120,0,,,,,,,,,,0,LOWPOWER,,0.3111,0.0,0.9611,,no both-parsed clean items; F_parse=d_clean
v3:wrongtarget_verify_bridge:retrieve_or_abstain,v3,wrongtarget_verify_bridge,retrieve_or_abstain,60,factonly,,0.0,0.0,0.0,0.0,,,,,0.0,,60,0,,,,,,,,,,0,LOWPOWER,,0.0,0.0,0.9833,,no both-parsed clean items; F_parse=d_clean
v3:wrongtarget_verify_bridge:use_provided_support,v3,wrongtarget_verify_bridge,use_provided_support,120,factonly,,-0.1917,-0.8583,0.6667,,,,,,0.0,,0,,,,,,,,,,,0,LOWPOWER,,0.6667,0.0,0.9833,,M=UPPER BOUND (no clean items); D/A undefined here
v3:wrongtarget_verify_bridge:verify_bridge,v3,wrongtarget_verify_bridge,verify_bridge,60,factonly,,0.6667,-0.1333,0.8,,,,,,0.0,,0,,,,,,,,,,,0,LOWPOWER,,0.8,0.0,1.0,,M=UPPER BOUND (no clean items); D/A undefined here
v3:wrongtarget_verify_bridge:verify_step,v3,wrongtarget_verify_bridge,verify_step,60,factonly,,0.1167,0.0,0.0,0.1167,,,,,0.0,,60,0,,,,,,,,,,0,LOWPOWER,,0.1167,0.0,0.95,,no both-parsed clean items; F_parse=d_clean
v3:wrongtarget_verify_step:ALL,v3,wrongtarget_verify_step,ALL,600,factonly,,0.0817,-0.3967,0.12,0.3583,,,,,0.0,,240,0,,,,,,,,,,0,LOWPOWER,,0.4783,0.0,0.8933,,no both-parsed clean items; F_parse=d_clean
v3:wrongtarget_verify_step:keep_answer,v3,wrongtarget_verify_step,keep_answer,60,factonly,,0.0333,-0.2,0.2333,,,,,,0.0,,0,,,,,,,,,,,0,LOWPOWER,,0.2333,0.0,0.7667,,M=UPPER BOUND (no clean items); D/A undefined here
v3:wrongtarget_verify_step:override_wrong_claim,v3,wrongtarget_verify_step,override_wrong_claim,60,factonly,,-0.2,-0.95,0.75,,,,,,0.0,,0,,,,,,,,,,,0,LOWPOWER,,0.75,0.0,0.9,,M=UPPER BOUND (no clean items); D/A undefined here
v3:wrongtarget_verify_step:recompute,v3,wrongtarget_verify_step,recompute,180,factonly,,0.1111,-0.3222,0.1583,0.275,,,,,0.0,,120,0,,,,,,,,,,0,LOWPOWER,,0.4333,0.0,0.8556,,no both-parsed clean items; F_parse=d_clean
v3:wrongtarget_verify_step:retrieve_or_abstain,v3,wrongtarget_verify_step,retrieve_or_abstain,60,factonly,,0.0,0.0,0.0,0.0,,,,,0.0,,60,0,,,,,,,,,,0,LOWPOWER,,0.0,0.0,1.0,,no both-parsed clean items; F_parse=d_clean
v3:wrongtarget_verify_step:use_provided_support,v3,wrongtarget_verify_step,use_provided_support,120,factonly,,-0.15,-0.8583,0.7083,,,,,,0.0,,0,,,,,,,,,,,0,LOWPOWER,,0.7083,0.0,0.8917,,M=UPPER BOUND (no clean items); D/A undefined here
v3:wrongtarget_verify_step:verify_bridge,v3,wrongtarget_verify_step,verify_bridge,60,factonly,,0.0667,-0.1333,0.2,,,,,,0.0,,0,,,,,,,,,,,0,LOWPOWER,,0.2,0.0,0.9167,,M=UPPER BOUND (no clean items); D/A undefined here
v3:wrongtarget_verify_step:verify_step,v3,wrongtarget_verify_step,verify_step,60,factonly,,0.8833,0.0,0.0,0.8833,,,,,0.0,,60,0,,,,,,,,,,0,LOWPOWER,,0.8833,0.0,1.0,,no both-parsed clean items; F_parse=d_clean
v3:wrongtarget_recompute:ALL,v3,wrongtarget_recompute,ALL,600,factonly,,0.5183,-0.3967,-0.0767,0.9917,,,,,0.0,,240,0,,,,,,,,,,0,LOWPOWER,,0.915,0.0,0.9983,,no both-parsed clean items; F_parse=d_clean
v3:wrongtarget_recompute:keep_answer,v3,wrongtarget_recompute,keep_answer,60,factonly,,0.7,-0.2,0.9,,,,,,0.0,,0,,,,,,,,,,,0,LOWPOWER,,0.9,0.0,1.0,,M=UPPER BOUND (no clean items); D/A undefined here
v3:wrongtarget_recompute:override_wrong_claim,v3,wrongtarget_recompute,override_wrong_claim,60,factonly,,0.05,-0.95,1.0,,,,,,0.0,,0,,,,,,,,,,,0,LOWPOWER,,1.0,0.0,1.0,,M=UPPER BOUND (no clean items); D/A undefined here
v3:wrongtarget_recompute:recompute,v3,wrongtarget_recompute,recompute,180,factonly,,0.6778,-0.3222,0.0,1.0,,,,,0.0,,120,0,,,,,,,,,,0,LOWPOWER,,1.0,0.0,1.0,,no both-parsed clean items; F_parse=d_clean
v3:wrongtarget_recompute:retrieve_or_abstain,v3,wrongtarget_recompute,retrieve_or_abstain,60,factonly,,1.0,0.0,0.0,1.0,,,,,0.0,,60,0,,,,,,,,,,0,LOWPOWER,,1.0,0.0,1.0,,no both-parsed clean items; F_parse=d_clean
v3:wrongtarget_recompute:use_provided_support,v3,wrongtarget_recompute,use_provided_support,120,factonly,,0.125,-0.8583,0.9833,,,,,,0.0,,0,,,,,,,,,,,0,LOWPOWER,,0.9833,0.0,1.0,,M=UPPER BOUND (no clean items); D/A undefined here
v3:wrongtarget_recompute:verify_bridge,v3,wrongtarget_recompute,verify_bridge,60,factonly,,0.1833,-0.1333,0.3167,,,,,,0.0,,0,,,,,,,,,,,0,LOWPOWER,,0.3167,0.0,0.9833,,M=UPPER BOUND (no clean items); D/A undefined here
v3:wrongtarget_recompute:verify_step,v3,wrongtarget_recompute,verify_step,60,factonly,,0.9667,0.0,0.0,0.9667,,,,,0.0,,60,0,,,,,,,,,,0,LOWPOWER,,0.9667,0.0,1.0,,no both-parsed clean items; F_parse=d_clean
v3:wrongtarget_use_provided_support:ALL,v3,wrongtarget_use_provided_support,ALL,600,factonly,,0.2467,-0.3967,0.335,0.3083,,,,,0.0,,240,0,,,,,,,,,,0,LOWPOWER,,0.6433,0.0,1.0,,no both-parsed clean items; F_parse=d_clean
v3:wrongtarget_use_provided_support:keep_answer,v3,wrongtarget_use_provided_support,keep_answer,60,factonly,,0.6167,-0.2,0.8167,,,,,,0.0,,0,,,,,,,,,,,0,LOWPOWER,,0.8167,0.0,1.0,,M=UPPER BOUND (no clean items); D/A undefined here
v3:wrongtarget_use_provided_support:override_wrong_claim,v3,wrongtarget_use_provided_support,override_wrong_claim,60,factonly,,0.05,-0.95,1.0,,,,,,0.0,,0,,,,,,,,,,,0,LOWPOWER,,1.0,0.0,1.0,,M=UPPER BOUND (no clean items); D/A undefined here
v3:wrongtarget_use_provided_support:recompute,v3,wrongtarget_use_provided_support,recompute,180,factonly,,0.0889,-0.3222,0.2944,0.1167,,,,,0.0,,120,0,,,,,,,,,,0,LOWPOWER,,0.4111,0.0,1.0,,no both-parsed clean items; F_parse=d_clean
v3:wrongtarget_use_provided_support:retrieve_or_abstain,v3,wrongtarget_use_provided_support,retrieve_or_abstain,60,factonly,,1.0,0.0,0.0,1.0,,,,,0.0,,60,0,,,,,,,,,,0,LOWPOWER,,1.0,0.0,1.0,,no both-parsed clean items; F_parse=d_clean
v3:wrongtarget_use_provided_support:use_provided_support,v3,wrongtarget_use_provided_support,use_provided_support,120,factonly,,0.1083,-0.8583,0.9667,,,,,,0.0,,0,,,,,,,,,,,0,LOWPOWER,,0.9667,0.0,1.0,,M=UPPER BOUND (no clean items); D/A undefined here
v3:wrongtarget_use_provided_support:verify_bridge,v3,wrongtarget_use_provided_support,verify_bridge,60,factonly,,0.3167,-0.1333,0.45,,,,,,0.0,,0,,,,,,,,,,,0,LOWPOWER,,0.45,0.0,1.0,,M=UPPER BOUND (no clean items); D/A undefined here
v3:wrongtarget_use_provided_support:verify_step,v3,wrongtarget_use_provided_support,verify_step,60,factonly,,0.0,0.0,0.0,0.0,,,,,0.0,,60,0,,,,,,,,,,0,LOWPOWER,,0.0,0.0,1.0,,no both-parsed clean items; F_parse=d_clean
v3:wrongtarget_retrieve_or_abstain:ALL,v3,wrongtarget_retrieve_or_abstain,ALL,600,factonly,,-0.1217,-0.3967,-0.0792,0.3542,,,,,0.0,,240,0,,,,,,,,,,0,LOWPOWER,,0.275,0.0,0.9067,,no both-parsed clean items; F_parse=d_clean
v3:wrongtarget_retrieve_or_abstain:keep_answer,v3,wrongtarget_retrieve_or_abstain,keep_answer,60,factonly,,-0.05,-0.2,0.15,,,,,,0.0,,0,,,,,,,,,,,0,LOWPOWER,,0.15,0.0,0.9167,,M=UPPER BOUND (no clean items); D/A undefined here
v3:wrongtarget_retrieve_or_abstain:override_wrong_claim,v3,wrongtarget_retrieve_or_abstain,override_wrong_claim,60,factonly,,-0.45,-0.95,0.5,,,,,,0.0,,0,,,,,,,,,,,0,LOWPOWER,,0.5,0.0,0.9333,,M=UPPER BOUND (no clean items); D/A undefined here
v3:wrongtarget_retrieve_or_abstain:recompute,v3,wrongtarget_retrieve_or_abstain,recompute,180,factonly,,-0.1389,-0.3222,0.0167,0.1667,,,,,0.0,,120,0,,,,,,,,,,0,LOWPOWER,,0.1833,0.0,0.8778,,no both-parsed clean items; F_parse=d_clean
v3:wrongtarget_retrieve_or_abstain:retrieve_or_abstain,v3,wrongtarget_retrieve_or_abstain,retrieve_or_abstain,60,factonly,,1.0,0.0,0.0,1.0,,,,,0.0,,60,0,,,,,,,,,,0,LOWPOWER,,1.0,0.0,1.0,,no both-parsed clean items; F_parse=d_clean
v3:wrongtarget_retrieve_or_abstain:use_provided_support,v3,wrongtarget_retrieve_or_abstain,use_provided_support,120,factonly,,-0.6583,-0.8583,0.2,,,,,,-0.0,,0,,,,,,,,,,,0,LOWPOWER,,0.2,0.0,0.8583,,M=UPPER BOUND (no clean items); D/A undefined here
v3:wrongtarget_retrieve_or_abstain:verify_bridge,v3,wrongtarget_retrieve_or_abstain,verify_bridge,60,factonly,,-0.0667,-0.1333,0.0667,,,,,,0.0,,0,,,,,,,,,,,0,LOWPOWER,,0.0667,0.0,0.8667,,M=UPPER BOUND (no clean items); D/A undefined here
v3:wrongtarget_retrieve_or_abstain:verify_step,v3,wrongtarget_retrieve_or_abstain,verify_step,60,factonly,,0.0833,0.0,0.0,0.0833,,,,,0.0,,60,0,,,,,,,,,,0,LOWPOWER,,0.0833,0.0,1.0,,no both-parsed clean items; F_parse=d_clean
v3:cumulative_M1:ALL,v3,cumulative_M1,ALL,600,factonly,,0.3633,-0.3967,0.01,0.75,,,,,0.0,,240,0,,,,,,,,,,0,LOWPOWER,,0.76,0.0,0.9933,,no both-parsed clean items; F_parse=d_clean
v3:cumulative_M1:keep_answer,v3,cumulative_M1,keep_answer,60,factonly,,0.5667,-0.2,0.7667,,,,,,0.0,,0,,,,,,,,,,,0,LOWPOWER,,0.7667,0.0,1.0,,M=UPPER BOUND (no clean items); D/A undefined here
v3:cumulative_M1:override_wrong_claim,v3,cumulative_M1,override_wrong_claim,60,factonly,,0.0333,-0.95,0.9833,,,,,,0.0,,0,,,,,,,,,,,0,LOWPOWER,,0.9833,0.0,1.0,,M=UPPER BOUND (no clean items); D/A undefined here
v3:cumulative_M1:recompute,v3,cumulative_M1,recompute,180,factonly,,0.6778,-0.3222,0.0,1.0,,,,,0.0,,120,0,,,,,,,,,,0,LOWPOWER,,1.0,0.0,1.0,,no both-parsed clean items; F_parse=d_clean
v3:cumulative_M1:retrieve_or_abstain,v3,cumulative_M1,retrieve_or_abstain,60,factonly,,0.0,0.0,0.0,0.0,,,,,0.0,,60,0,,,,,,,,,,0,LOWPOWER,,0.0,0.0,0.9333,,no both-parsed clean items; F_parse=d_clean
v3:cumulative_M1:use_provided_support,v3,cumulative_M1,use_provided_support,120,factonly,,0.0417,-0.8583,0.9,,,,,,0.0,,0,,,,,,,,,,,0,LOWPOWER,,0.9,0.0,1.0,,M=UPPER BOUND (no clean items); D/A undefined here
v3:cumulative_M1:verify_bridge,v3,cumulative_M1,verify_bridge,60,factonly,,-0.0833,-0.1333,0.05,,,,,,0.0,,0,,,,,,,,,,,0,LOWPOWER,,0.05,0.0,1.0,,M=UPPER BOUND (no clean items); D/A undefined here
v3:cumulative_M1:verify_step,v3,cumulative_M1,verify_step,60,factonly,,1.0,0.0,0.0,1.0,,,,,0.0,,60,0,,,,,,,,,,0,LOWPOWER,,1.0,0.0,1.0,,no both-parsed clean items; F_parse=d_clean
v3:cumulative_M2:ALL,v3,cumulative_M2,ALL,600,factonly,,0.3033,-0.3967,-0.05,0.75,,,,,0.0,,240,0,,,,,,,,,,0,LOWPOWER,,0.7,0.0,1.0,,no both-parsed clean items; F_parse=d_clean
v3:cumulative_M2:keep_answer,v3,cumulative_M2,keep_answer,60,factonly,,0.7667,-0.2,0.9667,,,,,,0.0,,0,,,,,,,,,,,0,LOWPOWER,,0.9667,0.0,1.0,,M=UPPER BOUND (no clean items); D/A undefined here
v3:cumulative_M2:override_wrong_claim,v3,cumulative_M2,override_wrong_claim,60,factonly,,0.05,-0.95,1.0,,,,,,0.0,,0,,,,,,,,,,,0,LOWPOWER,,1.0,0.0,1.0,,M=UPPER BOUND (no clean items); D/A undefined here
v3:cumulative_M2:recompute,v3,cumulative_M2,recompute,180,factonly,,0.5667,-0.3222,-0.1111,1.0,,,,,0.0,,120,0,,,,,,,,,,0,LOWPOWER,,0.8889,0.0,1.0,,no both-parsed clean items; F_parse=d_clean
v3:cumulative_M2:retrieve_or_abstain,v3,cumulative_M2,retrieve_or_abstain,60,factonly,,0.0,0.0,0.0,0.0,,,,,0.0,,60,0,,,,,,,,,,0,LOWPOWER,,0.0,0.0,1.0,,no both-parsed clean items; F_parse=d_clean
v3:cumulative_M2:use_provided_support,v3,cumulative_M2,use_provided_support,120,factonly,,-0.2083,-0.8583,0.65,,,,,,0.0,,0,,,,,,,,,,,0,LOWPOWER,,0.65,0.0,1.0,,M=UPPER BOUND (no clean items); D/A undefined here
v3:cumulative_M2:verify_bridge,v3,cumulative_M2,verify_bridge,60,factonly,,-0.0667,-0.1333,0.0667,,,,,,0.0,,0,,,,,,,,,,,0,LOWPOWER,,0.0667,0.0,1.0,,M=UPPER BOUND (no clean items); D/A undefined here
v3:cumulative_M2:verify_step,v3,cumulative_M2,verify_step,60,factonly,,1.0,0.0,0.0,1.0,,,,,0.0,,60,0,,,,,,,,,,0,LOWPOWER,,1.0,0.0,1.0,,no both-parsed clean items; F_parse=d_clean
v3:cumulative_M3:ALL,v3,cumulative_M3,ALL,600,factonly,,0.2283,-0.3967,-0.125,0.75,,,,,0.0,,240,0,,,,,,,,,,0,LOWPOWER,,0.625,0.0,0.97,,no both-parsed clean items; F_parse=d_clean
v3:cumulative_M3:keep_answer,v3,cumulative_M3,keep_answer,60,factonly,,0.8,-0.2,1.0,,,,,,0.0,,0,,,,,,,,,,,0,LOWPOWER,,1.0,0.0,1.0,,M=UPPER BOUND (no clean items); D/A undefined here
v3:cumulative_M3:override_wrong_claim,v3,cumulative_M3,override_wrong_claim,60,factonly,,0.05,-0.95,1.0,,,,,,0.0,,0,,,,,,,,,,,0,LOWPOWER,,1.0,0.0,1.0,,M=UPPER BOUND (no clean items); D/A undefined here
v3:cumulative_M3:recompute,v3,cumulative_M3,recompute,180,factonly,,0.5,-0.3222,-0.1778,1.0,,,,,0.0,,120,0,,,,,,,,,,0,LOWPOWER,,0.8222,0.0,1.0,,no both-parsed clean items; F_parse=d_clean
v3:cumulative_M3:retrieve_or_abstain,v3,cumulative_M3,retrieve_or_abstain,60,factonly,,0.0,0.0,0.0,0.0,,,,,0.0,,60,0,,,,,,,,,,0,LOWPOWER,,0.0,0.0,0.7,,no both-parsed clean items; F_parse=d_clean
v3:cumulative_M3:use_provided_support,v3,cumulative_M3,use_provided_support,120,factonly,,-0.4667,-0.8583,0.3917,,,,,,0.0,,0,,,,,,,,,,,0,LOWPOWER,,0.3917,0.0,1.0,,M=UPPER BOUND (no clean items); D/A undefined here
v3:cumulative_M3:verify_bridge,v3,cumulative_M3,verify_bridge,60,factonly,,-0.1333,-0.1333,0.0,,,,,,0.0,,0,,,,,,,,,,,0,LOWPOWER,,0.0,0.0,1.0,,M=UPPER BOUND (no clean items); D/A undefined here
v3:cumulative_M3:verify_step,v3,cumulative_M3,verify_step,60,factonly,,1.0,0.0,0.0,1.0,,,,,0.0,,60,0,,,,,,,,,,0,LOWPOWER,,1.0,0.0,1.0,,no both-parsed clean items; F_parse=d_clean
v3:cumulative_M4:ALL,v3,cumulative_M4,ALL,600,factonly,,0.4017,-0.3967,0.0483,0.75,,,,,0.0,,240,0,,,,,,,,,,0,LOWPOWER,,0.7983,0.0,1.0,,no both-parsed clean items; F_parse=d_clean
v3:cumulative_M4:keep_answer,v3,cumulative_M4,keep_answer,60,factonly,,0.8,-0.2,1.0,,,,,,0.0,,0,,,,,,,,,,,0,LOWPOWER,,1.0,0.0,1.0,,M=UPPER BOUND (no clean items); D/A undefined here
v3:cumulative_M4:override_wrong_claim,v3,cumulative_M4,override_wrong_claim,60,factonly,,0.05,-0.95,1.0,,,,,,0.0,,0,,,,,,,,,,,0,LOWPOWER,,1.0,0.0,1.0,,M=UPPER BOUND (no clean items); D/A undefined here
v3:cumulative_M4:recompute,v3,cumulative_M4,recompute,180,factonly,,0.5611,-0.3222,-0.1167,1.0,,,,,0.0,,120,0,,,,,,,,,,0,LOWPOWER,,0.8833,0.0,1.0,,no both-parsed clean items; F_parse=d_clean
v3:cumulative_M4:retrieve_or_abstain,v3,cumulative_M4,retrieve_or_abstain,60,factonly,,0.0,0.0,0.0,0.0,,,,,0.0,,60,0,,,,,,,,,,0,LOWPOWER,,0.0,0.0,1.0,,no both-parsed clean items; F_parse=d_clean
v3:cumulative_M4:use_provided_support,v3,cumulative_M4,use_provided_support,120,factonly,,-0.1917,-0.8583,0.6667,,,,,,0.0,,0,,,,,,,,,,,0,LOWPOWER,,0.6667,0.0,1.0,,M=UPPER BOUND (no clean items); D/A undefined here
v3:cumulative_M4:verify_bridge,v3,cumulative_M4,verify_bridge,60,factonly,,0.8667,-0.1333,1.0,,,,,,0.0,,0,,,,,,,,,,,0,LOWPOWER,,1.0,0.0,1.0,,M=UPPER BOUND (no clean items); D/A undefined here
v3:cumulative_M4:verify_step,v3,cumulative_M4,verify_step,60,factonly,,1.0,0.0,0.0,1.0,,,,,0.0,,60,0,,,,,,,,,,0,LOWPOWER,,1.0,0.0,1.0,,no both-parsed clean items; F_parse=d_clean
v3:cumulative_M5:ALL,v3,cumulative_M5,ALL,600,factonly,,0.4783,-0.3967,0.125,0.75,,,,,0.0,,240,0,,,,,,,,,,0,LOWPOWER,,0.875,0.0,1.0,,no both-parsed clean items; F_parse=d_clean
v3:cumulative_M5:keep_answer,v3,cumulative_M5,keep_answer,60,factonly,,0.8,-0.2,1.0,,,,,,0.0,,0,,,,,,,,,,,0,LOWPOWER,,1.0,0.0,1.0,,M=UPPER BOUND (no clean items); D/A undefined here
v3:cumulative_M5:override_wrong_claim,v3,cumulative_M5,override_wrong_claim,60,factonly,,0.05,-0.95,1.0,,,,,,0.0,,0,,,,,,,,,,,0,LOWPOWER,,1.0,0.0,1.0,,M=UPPER BOUND (no clean items); D/A undefined here
v3:cumulative_M5:recompute,v3,cumulative_M5,recompute,180,factonly,,0.6278,-0.3222,-0.05,1.0,,,,,0.0,,120,0,,,,,,,,,,0,LOWPOWER,,0.95,0.0,1.0,,no both-parsed clean items; F_parse=d_clean
v3:cumulative_M5:retrieve_or_abstain,v3,cumulative_M5,retrieve_or_abstain,60,factonly,,0.0,0.0,0.0,0.0,,,,,0.0,,60,0,,,,,,,,,,0,LOWPOWER,,0.0,0.0,1.0,,no both-parsed clean items; F_parse=d_clean
v3:cumulative_M5:use_provided_support,v3,cumulative_M5,use_provided_support,120,factonly,,0.0917,-0.8583,0.95,,,,,,0.0,,0,,,,,,,,,,,0,LOWPOWER,,0.95,0.0,1.0,,M=UPPER BOUND (no clean items); D/A undefined here
v3:cumulative_M5:verify_bridge,v3,cumulative_M5,verify_bridge,60,factonly,,0.8667,-0.1333,1.0,,,,,,0.0,,0,,,,,,,,,,,0,LOWPOWER,,1.0,0.0,1.0,,M=UPPER BOUND (no clean items); D/A undefined here
v3:cumulative_M5:verify_step,v3,cumulative_M5,verify_step,60,factonly,,1.0,0.0,0.0,1.0,,,,,0.0,,60,0,,,,,,,,,,0,LOWPOWER,,1.0,0.0,1.0,,no both-parsed clean items; F_parse=d_clean
v3:cumulative_M6:ALL,v3,cumulative_M6,ALL,600,factonly,,0.5717,-0.3967,-0.0317,1.0,,,,,0.0,,240,0,,,,,,,,,,0,LOWPOWER,,0.9683,0.0,1.0,,no both-parsed clean items; F_parse=d_clean
v3:cumulative_M6:keep_answer,v3,cumulative_M6,keep_answer,60,factonly,,0.8,-0.2,1.0,,,,,,0.0,,0,,,,,,,,,,,0,LOWPOWER,,1.0,0.0,1.0,,M=UPPER BOUND (no clean items); D/A undefined here
v3:cumulative_M6:override_wrong_claim,v3,cumulative_M6,override_wrong_claim,60,factonly,,0.05,-0.95,1.0,,,,,,0.0,,0,,,,,,,,,,,0,LOWPOWER,,1.0,0.0,1.0,,M=UPPER BOUND (no clean items); D/A undefined here
v3:cumulative_M6:recompute,v3,cumulative_M6,recompute,180,factonly,,0.6278,-0.3222,-0.05,1.0,,,,,0.0,,120,0,,,,,,,,,,0,LOWPOWER,,0.95,0.0,1.0,,no both-parsed clean items; F_parse=d_clean
v3:cumulative_M6:retrieve_or_abstain,v3,cumulative_M6,retrieve_or_abstain,60,factonly,,1.0,0.0,0.0,1.0,,,,,0.0,,60,0,,,,,,,,,,0,LOWPOWER,,1.0,0.0,1.0,,no both-parsed clean items; F_parse=d_clean
v3:cumulative_M6:use_provided_support,v3,cumulative_M6,use_provided_support,120,factonly,,0.0583,-0.8583,0.9167,,,,,,0.0,,0,,,,,,,,,,,0,LOWPOWER,,0.9167,0.0,1.0,,M=UPPER BOUND (no clean items); D/A undefined here
v3:cumulative_M6:verify_bridge,v3,cumulative_M6,verify_bridge,60,factonly,,0.8667,-0.1333,1.0,,,,,,0.0,,0,,,,,,,,,,,0,LOWPOWER,,1.0,0.0,1.0,,M=UPPER BOUND (no clean items); D/A undefined here
v3:cumulative_M6:verify_step,v3,cumulative_M6,verify_step,60,factonly,,1.0,0.0,0.0,1.0,,,,,0.0,,60,0,,,,,,,,,,0,LOWPOWER,,1.0,0.0,1.0,,no both-parsed clean items; F_parse=d_clean
v3_1:factonly:ALL,v3_1,factonly,ALL,720,scaffold_conv,,-0.475,0.3861,0.1181,-0.9792,,,,,0.0,0.7736,240,0,,,,,,,,,,,,,0.0,0.8611,0.0,,no both-parsed clean items; F_parse=d_clean
v3_1:factonly:keep_answer,v3_1,factonly,keep_answer,180,scaffold_conv,,-0.45,0.2778,-0.7278,,,,,,0.0,0.5778,0,,,,,,,,,,,,,,0.0,0.7278,0.0,,M=UPPER BOUND (no clean items); D/A undefined here
v3_1:factonly:override_wrong_claim,v3_1,factonly,override_wrong_claim,60,scaffold_conv,,-0.0667,0.9333,-1.0,,,,,,0.0,0.9,0,,,,,,,,,,,,,,0.0,1.0,0.0,,M=UPPER BOUND (no clean items); D/A undefined here
v3_1:factonly:recompute,v3_1,factonly,recompute,180,scaffold_conv,,-0.6278,0.3278,0.0444,-1.0,,,,,0.0,0.8944,120,0,,,,,,,,,,,,,0.0,0.9556,0.0,,no both-parsed clean items; F_parse=d_clean
v3_1:factonly:retrieve_or_abstain,v3_1,factonly,retrieve_or_abstain,60,scaffold_conv,,-1.0,0.0,0.0,-1.0,,,,,0.0,0.8833,60,0,,,,,,,,,,,,,0.0,1.0,0.0,,no both-parsed clean items; F_parse=d_clean
v3_1:factonly:use_provided_support,v3_1,factonly,use_provided_support,120,scaffold_conv,,0.0167,0.875,-0.8583,,,,,,0.0,0.775,0,,,,,,,,,,,,,,0.0,0.8583,0.0,,M=UPPER BOUND (no clean items); D/A undefined here
v3_1:factonly:verify_bridge,v3_1,factonly,verify_bridge,60,scaffold_conv,,-0.5167,0.1333,-0.65,,,,,,0.0,0.6167,0,,,,,,,,,,,,,,0.0,0.65,0.0,,M=UPPER BOUND (no clean items); D/A undefined here
v3_1:factonly:verify_step,v3_1,factonly,verify_step,60,scaffold_conv,,-0.9167,0.0,0.0,-0.9167,,,,,0.0,0.9167,60,0,,,,,,,,,,,,,0.0,0.9167,0.0,,no both-parsed clean items; F_parse=d_clean
v3_1:scaffold_only:ALL,v3_1,scaffold_only,ALL,720,scaffold_conv,3,-0.6722,0.1014,0.1764,-0.8875,0.0,0.0,,-0.0625,0.0,,240,22,0,,,,,,,,,0,LOWPOWER,,0.0875,0.8611,0.1694,,
v3_1:scaffold_only:keep_answer,v3_1,scaffold_only,keep_answer,180,scaffold_conv,3,-0.5111,0.0667,-0.5778,,,,,,0.0,,0,,,,,,,,,,,0,LOWPOWER,,0.15,0.7278,0.1889,,M=UPPER BOUND (no clean items); D/A undefined here
v3_1:scaffold_only:override_wrong_claim,v3_1,scaffold_only,override_wrong_claim,60,scaffold_conv,3,-0.6833,0.2167,-0.9,,,,,,0.0,,0,,,,,,,,,,,0,LOWPOWER,,0.1,1.0,0.1667,,M=UPPER BOUND (no clean items); D/A undefined here
v3_1:scaffold_only:recompute,v3_1,scaffold_only,recompute,180,scaffold_conv,3,-0.8278,0.0667,0.1056,-1.0,,,,,0.0,,120,0,,,,,,,,,,0,LOWPOWER,,0.0611,0.9556,0.0722,,no both-parsed clean items; F_parse=d_clean
v3_1:scaffold_only:retrieve_or_abstain,v3_1,scaffold_only,retrieve_or_abstain,60,scaffold_conv,3,-0.7667,0.1167,0.0,-0.6333,0.0,0.0,,-0.25,0.0,,60,22,0,,,,,,,,,0,LOWPOWER,,0.1167,1.0,0.3667,,
v3_1:scaffold_only:use_provided_support,v3_1,scaffold_only,use_provided_support,120,scaffold_conv,3,-0.5333,0.2417,-0.775,,,,,,0.0,,0,,,,,,,,,,,0,LOWPOWER,,0.0833,0.8583,0.2417,,M=UPPER BOUND (no clean items); D/A undefined here
v3_1:scaffold_only:verify_bridge,v3_1,scaffold_only,verify_bridge,60,scaffold_conv,3,-0.6167,0.0,-0.6167,,,,,,0.0,,0,,,,,,,,,,,0,LOWPOWER,,0.0333,0.65,0.2333,,M=UPPER BOUND (no clean items); D/A undefined here
v3_1:scaffold_only:verify_step,v3_1,scaffold_only,verify_step,60,scaffold_conv,3,-0.9167,0.0,0.0,-0.9167,,,,,0.0,,60,0,,,,,,,,,,0,LOWPOWER,,0.0,0.9167,0.0,,no both-parsed clean items; F_parse=d_clean
v3_1:actionized_full:ALL,v3_1,actionized_full,ALL,720,scaffold_conv,,0.0625,0.0,0.0417,0.0,0.0,0.0208,,0.0,0.0,0.7736,240,240,180,1.0,1.0,0.9722,1.0,0.0278,180,,,0,LOWPOWER,planted/tentative,0.9236,0.8611,1.0,,
v3_1:actionized_full:keep_answer,v3_1,actionized_full,keep_answer,180,scaffold_conv,,0.2611,0.0,0.2611,,,,,,0.0,0.5778,0,,,,,,,,,,,0,LOWPOWER,,0.9889,0.7278,1.0,,M=UPPER BOUND (no clean items); D/A undefined here
v3_1:actionized_full:override_wrong_claim,v3_1,actionized_full,override_wrong_claim,60,scaffold_conv,,-0.2833,0.0,-0.2833,,,,,,0.0,0.9,0,,,,,,,,,,,0,LOWPOWER,,0.7167,1.0,1.0,,M=UPPER BOUND (no clean items); D/A undefined here
v3_1:actionized_full:recompute,v3_1,actionized_full,recompute,180,scaffold_conv,,0.0278,0.0,0.0278,0.0,0.0,0.0,,0.0,0.0,0.8944,120,120,120,1.0,1.0,1.0,1.0,0.0,120,,,0,LOWPOWER,tentative,0.9833,0.9556,1.0,,
v3_1:actionized_full:retrieve_or_abstain,v3_1,actionized_full,retrieve_or_abstain,60,scaffold_conv,,0.0,0.0,0.0,0.0,0.0,0.0,,0.0,0.0,0.8833,60,60,0,,,,,,,,,0,LOWPOWER,,1.0,1.0,1.0,,
v3_1:actionized_full:use_provided_support,v3_1,actionized_full,use_provided_support,120,scaffold_conv,,0.1417,0.0,0.1417,,,,,,0.0,0.775,0,,,,,,,,,,,0,LOWPOWER,,1.0,0.8583,1.0,,M=UPPER BOUND (no clean items); D/A undefined here
v3_1:actionized_full:verify_bridge,v3_1,actionized_full,verify_bridge,60,scaffold_conv,,-0.2,0.0,-0.2,,,,,,0.0,0.6167,0,,,,,,,,,,,0,LOWPOWER,,0.45,0.65,1.0,,M=UPPER BOUND (no clean items); D/A undefined here
v3_1:actionized_full:verify_step,v3_1,actionized_full,verify_step,60,scaffold_conv,,0.0833,0.0,0.0,0.0,0.0,0.0833,,0.0,0.0,0.9167,60,60,60,1.0,1.0,0.9167,1.0,0.0833,60,,,0,LOWPOWER,planted,1.0,0.9167,1.0,,
v3_1:targeted_override_wrong_claim:ALL,v3_1,targeted_override_wrong_claim,ALL,720,scaffold_conv,3,-0.3958,0.0,0.5042,-0.0042,-0.0764,-0.6027,,-0.2167,0.0,0.7736,240,239,179,1.0,0.8045,0.9721,0.0764,-0.8889,144,,,0,LOWPOWER,planted/tentative,0.4653,0.8611,0.9986,,
v3_1:targeted_override_wrong_claim:keep_answer,v3_1,targeted_override_wrong_claim,keep_answer,180,scaffold_conv,3,-0.2833,0.0,-0.2833,,,,,,0.0,0.5778,0,,,,,,,,,,,0,LOWPOWER,,0.4444,0.7278,1.0,,M=UPPER BOUND (no clean items); D/A undefined here
v3_1:targeted_override_wrong_claim:override_wrong_claim,v3_1,targeted_override_wrong_claim,override_wrong_claim,60,scaffold_conv,3,-0.05,0.0,-0.05,,,,,,0.0,0.9,0,,,,,,,,,,,0,LOWPOWER,,0.95,1.0,1.0,,M=UPPER BOUND (no clean items); D/A undefined here
v3_1:targeted_override_wrong_claim:recompute,v3_1,targeted_override_wrong_claim,recompute,180,scaffold_conv,3,-0.5889,0.0,0.3528,0.0,-0.1073,-0.8344,,0.0,0.0,0.8944,120,120,120,1.0,0.8,1.0,0.0729,-0.9271,96,,,0,LOWPOWER,tentative,0.3667,0.9556,1.0,,
v3_1:targeted_override_wrong_claim:retrieve_or_abstain,v3_1,targeted_override_wrong_claim,retrieve_or_abstain,60,scaffold_conv,3,-0.8667,0.0,0.0,0.0,0.0,0.0,,-0.8667,0.0,0.8833,60,60,0,,,,,,,,,0,LOWPOWER,,0.1333,1.0,1.0,,
v3_1:targeted_override_wrong_claim:use_provided_support,v3_1,targeted_override_wrong_claim,use_provided_support,120,scaffold_conv,3,0.0833,0.0,0.0833,,,,,,0.0,0.775,0,,,,,,,,,,,0,LOWPOWER,,0.9417,0.8583,1.0,,M=UPPER BOUND (no clean items); D/A undefined here
v3_1:targeted_override_wrong_claim:verify_bridge,v3_1,targeted_override_wrong_claim,verify_bridge,60,scaffold_conv,3,-0.5333,0.0,-0.5333,,,,,,0.0,0.6167,0,,,,,,,,,,,0,LOWPOWER,,0.1167,0.65,1.0,,M=UPPER BOUND (no clean items); D/A undefined here
v3_1:targeted_override_wrong_claim:verify_step,v3_1,targeted_override_wrong_claim,verify_step,60,scaffold_conv,3,-0.85,0.0,0.0,-0.0167,-0.0915,-0.7418,,0.0,0.0,0.9167,60,59,59,1.0,0.8136,0.9153,0.0833,-0.8125,48,LOWPOWER,,0,LOWPOWER,planted,0.0667,0.9167,0.9833,,
v3_1:targeted_verify_bridge:ALL,v3_1,targeted_verify_bridge,ALL,720,scaffold_conv,3,-0.4556,0.0,0.4694,-0.075,-0.1011,-0.5114,,-0.2375,-0.0,0.7736,240,222,165,1.0,0.7273,0.9697,0.1083,-0.8583,120,,,0,LOWPOWER,planted/tentative,0.4056,0.8611,0.9667,,
v3_1:targeted_verify_bridge:keep_answer,v3_1,targeted_verify_bridge,keep_answer,180,scaffold_conv,3,-0.15,0.0,-0.15,,,,,,0.0,0.5778,0,,,,,,,,,,,0,LOWPOWER,,0.5778,0.7278,0.9889,,M=UPPER BOUND (no clean items); D/A undefined here
v3_1:targeted_verify_bridge:override_wrong_claim,v3_1,targeted_verify_bridge,override_wrong_claim,60,scaffold_conv,3,-0.55,0.0,-0.55,,,,,,0.0,0.9,0,,,,,,,,,,,0,LOWPOWER,,0.45,1.0,0.9833,,M=UPPER BOUND (no clean items); D/A undefined here
v3_1:targeted_verify_bridge:recompute,v3_1,targeted_verify_bridge,recompute,180,scaffold_conv,3,-0.7167,0.0,0.1833,-0.075,-0.104,-0.721,,0.0,0.0,0.8944,120,111,111,1.0,0.8018,1.0,0.1348,-0.8652,89,,,0,LOWPOWER,tentative,0.2389,0.9556,0.9389,,
v3_1:targeted_verify_bridge:retrieve_or_abstain,v3_1,targeted_verify_bridge,retrieve_or_abstain,60,scaffold_conv,3,-1.0,0.0,0.0,-0.05,0.0,0.0,,-0.95,0.0,0.8833,60,57,0,,,,,,,,,0,LOWPOWER,,0.0,1.0,0.95,,
v3_1:targeted_verify_bridge:use_provided_support,v3_1,targeted_verify_bridge,use_provided_support,120,scaffold_conv,3,-0.275,0.0,-0.275,,,,,,0.0,0.775,0,,,,,,,,,,,0,LOWPOWER,,0.5833,0.8583,0.9917,,M=UPPER BOUND (no clean items); D/A undefined here
v3_1:targeted_verify_bridge:verify_bridge,v3_1,targeted_verify_bridge,verify_bridge,60,scaffold_conv,3,0.1333,0.0,0.1333,,,,,,0.0,0.6167,0,,,,,,,,,,,0,LOWPOWER,,0.7833,0.65,1.0,,M=UPPER BOUND (no clean items); D/A undefined here
v3_1:targeted_verify_bridge:verify_step,v3_1,targeted_verify_bridge,verify_step,60,scaffold_conv,3,-0.9,0.0,0.0,-0.1,-0.1801,-0.6199,,0.0,0.0,0.9167,60,54,54,1.0,0.5741,0.9074,0.0323,-0.8387,31,LOWPOWER,,0,LOWPOWER,planted,0.0167,0.9167,0.9,,
v3_1:targeted_verify_step:ALL,v3_1,targeted_verify_step,ALL,720,scaffold_conv,3,-0.4028,0.0,0.1931,-0.1792,-0.0223,-0.286,,-0.1083,0.0,0.7736,240,197,171,1.0,0.9591,0.9708,0.561,-0.4085,164,,,0,LOWPOWER,planted/tentative,0.4583,0.8611,0.7819,,
v3_1:targeted_verify_step:keep_answer,v3_1,targeted_verify_step,keep_answer,180,scaffold_conv,3,-0.3778,0.0,-0.3778,,,,,,0.0,0.5778,0,,,,,,,,,,,0,LOWPOWER,,0.35,0.7278,0.6389,,M=UPPER BOUND (no clean items); D/A undefined here
v3_1:targeted_verify_step:override_wrong_claim,v3_1,targeted_verify_step,override_wrong_claim,60,scaffold_conv,3,-0.4833,0.0,-0.4833,,,,,,0.0,0.9,0,,,,,,,,,,,0,LOWPOWER,,0.5167,1.0,0.7667,,M=UPPER BOUND (no clean items); D/A undefined here
v3_1:targeted_verify_step:recompute,v3_1,targeted_verify_step,recompute,180,scaffold_conv,3,-0.4889,0.0,0.2111,-0.075,-0.0393,-0.5857,,0.0,0.0,0.8944,120,111,111,1.0,0.9369,1.0,0.3462,-0.6538,104,,,0,LOWPOWER,tentative,0.4667,0.9556,0.9167,,
v3_1:targeted_verify_step:retrieve_or_abstain,v3_1,targeted_verify_step,retrieve_or_abstain,60,scaffold_conv,3,-1.0,0.0,0.0,-0.5667,0.0,0.0,,-0.4333,0.0,0.8833,60,26,0,,,,,,,,,0,LOWPOWER,,0.0,1.0,0.4333,,
v3_1:targeted_verify_step:use_provided_support,v3_1,targeted_verify_step,use_provided_support,120,scaffold_conv,3,-0.1667,0.0,-0.1667,,,,,,0.0,0.775,0,,,,,,,,,,,0,LOWPOWER,,0.6917,0.8583,0.8667,,M=UPPER BOUND (no clean items); D/A undefined here
v3_1:targeted_verify_step:verify_bridge,v3_1,targeted_verify_step,verify_bridge,60,scaffold_conv,3,-0.4333,0.0,-0.4333,,,,,,0.0,0.6167,0,,,,,,,,,,,0,LOWPOWER,,0.2167,0.65,0.7833,,M=UPPER BOUND (no clean items); D/A undefined here
v3_1:targeted_verify_step:verify_step,v3_1,targeted_verify_step,verify_step,60,scaffold_conv,3,0.0167,0.0,0.0,0.0,0.0,0.0167,,0.0,0.0,0.9167,60,60,60,1.0,1.0,0.9167,0.9333,0.0167,60,,,0,LOWPOWER,planted,0.9333,0.9167,1.0,,
v3_1:targeted_recompute:ALL,v3_1,targeted_recompute,ALL,720,scaffold_conv,3,0.0222,0.0,0.0014,0.0,0.0,0.0208,,0.0,0.0,0.7736,240,240,180,1.0,1.0,0.9722,1.0,0.0278,180,,,0,LOWPOWER,planted/tentative,0.8833,0.8611,0.9972,,
v3_1:targeted_recompute:keep_answer,v3_1,targeted_recompute,keep_answer,180,scaffold_conv,3,0.0889,0.0,0.0889,,,,,,0.0,0.5778,0,,,,,,,,,,,0,LOWPOWER,,0.8167,0.7278,0.9944,,M=UPPER BOUND (no clean items); D/A undefined here
v3_1:targeted_recompute:override_wrong_claim,v3_1,targeted_recompute,override_wrong_claim,60,scaffold_conv,3,0.0,0.0,0.0,,,,,,0.0,0.9,0,,,,,,,,,,,0,LOWPOWER,,1.0,1.0,1.0,,M=UPPER BOUND (no clean items); D/A undefined here
v3_1:targeted_recompute:recompute,v3_1,targeted_recompute,recompute,180,scaffold_conv,3,0.0444,0.0,0.0444,0.0,0.0,0.0,,0.0,0.0,0.8944,120,120,120,1.0,1.0,1.0,1.0,0.0,120,,,0,LOWPOWER,tentative,1.0,0.9556,1.0,,
v3_1:targeted_recompute:retrieve_or_abstain,v3_1,targeted_recompute,retrieve_or_abstain,60,scaffold_conv,3,0.0,0.0,0.0,0.0,0.0,0.0,,0.0,0.0,0.8833,60,60,0,,,,,,,,,0,LOWPOWER,,1.0,1.0,1.0,,
v3_1:targeted_recompute:use_provided_support,v3_1,targeted_recompute,use_provided_support,120,scaffold_conv,3,0.0833,0.0,0.0833,,,,,,0.0,0.775,0,,,,,,,,,,,0,LOWPOWER,,0.9417,0.8583,1.0,,M=UPPER BOUND (no clean items); D/A undefined here
v3_1:targeted_recompute:verify_bridge,v3_1,targeted_recompute,verify_bridge,60,scaffold_conv,3,-0.3833,0.0,-0.3833,,,,,,0.0,0.6167,0,,,,,,,,,,,0,LOWPOWER,,0.2667,0.65,0.9833,,M=UPPER BOUND (no clean items); D/A undefined here
v3_1:targeted_recompute:verify_step,v3_1,targeted_recompute,verify_step,60,scaffold_conv,3,0.0833,0.0,0.0,0.0,0.0,0.0833,,0.0,0.0,0.9167,60,60,60,1.0,1.0,0.9167,1.0,0.0833,60,,,0,LOWPOWER,planted,1.0,0.9167,1.0,,
v3_1:targeted_use_provided_support:ALL,v3_1,targeted_use_provided_support,ALL,720,scaffold_conv,3,-0.1667,0.0028,0.2389,-0.0333,-0.0554,-0.3196,,0.0,0.0,0.7736,240,232,174,1.0,0.8966,0.9713,0.5064,-0.4615,156,,,0,LOWPOWER,planted/tentative,0.6917,0.8611,0.9861,,
v3_1:targeted_use_provided_support:keep_answer,v3_1,targeted_use_provided_support,keep_answer,180,scaffold_conv,3,0.1167,0.0,0.1167,,,,,,0.0,0.5778,0,,,,,,,,,,,0,LOWPOWER,,0.8444,0.7278,0.9944,,M=UPPER BOUND (no clean items); D/A undefined here
v3_1:targeted_use_provided_support:override_wrong_claim,v3_1,targeted_use_provided_support,override_wrong_claim,60,scaffold_conv,3,-0.5667,0.0,-0.5667,,,,,,0.0,0.9,0,,,,,,,,,,,0,LOWPOWER,,0.4333,1.0,0.9833,,M=UPPER BOUND (no clean items); D/A undefined here
v3_1:targeted_use_provided_support:recompute,v3_1,targeted_use_provided_support,recompute,180,scaffold_conv,3,-0.3611,0.0,0.2472,-0.0417,-0.0603,-0.5063,,0.0,-0.0,0.8944,120,115,115,1.0,0.913,1.0,0.4476,-0.5524,105,,,0,LOWPOWER,tentative,0.5944,0.9556,0.9722,,
v3_1:targeted_use_provided_support:retrieve_or_abstain,v3_1,targeted_use_provided_support,retrieve_or_abstain,60,scaffold_conv,3,0.0,0.0333,0.0,-0.0333,0.0,0.0,,0.0,0.0,0.8833,60,58,0,,,,,,,,,0,LOWPOWER,,0.9667,1.0,0.9667,,
v3_1:targeted_use_provided_support:use_provided_support,v3_1,targeted_use_provided_support,use_provided_support,120,scaffold_conv,3,0.1333,0.0,0.1333,,,,,,0.0,0.775,0,,,,,,,,,,,0,LOWPOWER,,0.9917,0.8583,1.0,,M=UPPER BOUND (no clean items); D/A undefined here
v3_1:targeted_use_provided_support:verify_bridge,v3_1,targeted_use_provided_support,verify_bridge,60,scaffold_conv,3,-0.5833,0.0,-0.5833,,,,,,0.0,0.6167,0,,,,,,,,,,,0,LOWPOWER,,0.0667,0.65,1.0,,M=UPPER BOUND (no clean items); D/A undefined here
v3_1:targeted_use_provided_support:verify_step,v3_1,targeted_use_provided_support,verify_step,60,scaffold_conv,3,-0.3833,0.0,0.0,-0.0167,-0.1028,-0.2638,,0.0,0.0,0.9167,60,59,59,1.0,0.8644,0.9153,0.6275,-0.2745,51,,,0,LOWPOWER,planted,0.5333,0.9167,0.9833,,
v3_1:targeted_retrieve_or_abstain:ALL,v3_1,targeted_retrieve_or_abstain,ALL,720,scaffold_conv,3,-0.4014,0.0,0.1694,-0.0917,-0.1172,-0.362,,0.0,0.0,0.7736,240,217,157,1.0,0.7261,0.9745,0.3333,-0.6404,114,,,0,LOWPOWER,planted/tentative,0.4597,0.8611,0.9083,,
v3_1:targeted_retrieve_or_abstain:keep_answer,v3_1,targeted_retrieve_or_abstain,keep_answer,180,scaffold_conv,3,-0.1389,0.0,-0.1389,,,,,,0.0,0.5778,0,,,,,,,,,,,0,LOWPOWER,,0.5889,0.7278,0.9222,,M=UPPER BOUND (no clean items); D/A undefined here
v3_1:targeted_retrieve_or_abstain:override_wrong_claim,v3_1,targeted_retrieve_or_abstain,override_wrong_claim,60,scaffold_conv,3,-0.6333,0.0,-0.6333,,,,,,0.0,0.9,0,,,,,,,,,,,0,LOWPOWER,,0.3667,1.0,0.9,,M=UPPER BOUND (no clean items); D/A undefined here
v3_1:targeted_retrieve_or_abstain:recompute,v3_1,targeted_retrieve_or_abstain,recompute,180,scaffold_conv,3,-0.5667,0.0,0.15,-0.1333,-0.2033,-0.38,,0.0,-0.0,0.8944,120,104,104,1.0,0.6827,1.0,0.4789,-0.5211,71,,,0,LOWPOWER,tentative,0.3889,0.9556,0.8833,,
v3_1:targeted_retrieve_or_abstain:retrieve_or_abstain,v3_1,targeted_retrieve_or_abstain,retrieve_or_abstain,60,scaffold_conv,3,0.0,0.0,0.0,0.0,0.0,0.0,,0.0,0.0,0.8833,60,60,0,,,,,,,,,0,LOWPOWER,,1.0,1.0,1.0,,
v3_1:targeted_retrieve_or_abstain:use_provided_support,v3_1,targeted_retrieve_or_abstain,use_provided_support,120,scaffold_conv,3,-0.325,0.0,-0.325,,,,,,0.0,0.775,0,,,,,,,,,,,0,LOWPOWER,,0.5333,0.8583,0.875,,M=UPPER BOUND (no clean items); D/A undefined here
v3_1:targeted_retrieve_or_abstain:verify_bridge,v3_1,targeted_retrieve_or_abstain,verify_bridge,60,scaffold_conv,3,-0.5667,0.0,-0.5667,,,,,,0.0,0.6167,0,,,,,,,,,,,0,LOWPOWER,,0.0833,0.65,0.95,,M=UPPER BOUND (no clean items); D/A undefined here
v3_1:targeted_retrieve_or_abstain:verify_step,v3_1,targeted_retrieve_or_abstain,verify_step,60,scaffold_conv,3,-0.85,0.0,0.0,-0.1,-0.0848,-0.6652,,0.0,-0.0,0.9167,60,53,53,1.0,0.8113,0.9245,0.093,-0.8372,43,LOWPOWER,,0,LOWPOWER,planted,0.0667,0.9167,0.8833,,
v3_1:random_override_wrong_claim:ALL,v3_1,random_override_wrong_claim,ALL,720,scaffold_conv,,-0.2389,0.0,0.1903,-0.0417,-0.0145,-0.148,,-0.225,0.0,0.7736,240,230,176,1.0,0.9773,0.9716,0.7674,-0.2035,172,,,0,LOWPOWER,planted/tentative,0.6222,0.8611,0.975,,
v3_1:random_override_wrong_claim:keep_answer,v3_1,random_override_wrong_claim,keep_answer,180,scaffold_conv,,0.0667,0.0,0.0667,,,,,,0.0,0.5778,0,,,,,,,,,,,0,LOWPOWER,,0.7944,0.7278,0.9778,,M=UPPER BOUND (no clean items); D/A undefined here
v3_1:random_override_wrong_claim:override_wrong_claim,v3_1,random_override_wrong_claim,override_wrong_claim,60,scaffold_conv,,-0.85,0.0,-0.85,,,,,,0.0,0.9,0,,,,,,,,,,,0,LOWPOWER,,0.15,1.0,1.0,,M=UPPER BOUND (no clean items); D/A undefined here
v3_1:random_override_wrong_claim:recompute,v3_1,random_override_wrong_claim,recompute,180,scaffold_conv,,-0.0667,0.0,0.075,0.0,0.0,-0.1417,,0.0,0.0,0.8944,120,120,120,1.0,1.0,1.0,0.8583,-0.1417,120,,,0,LOWPOWER,tentative,0.8889,0.9556,0.9944,,
v3_1:random_override_wrong_claim:retrieve_or_abstain,v3_1,random_override_wrong_claim,retrieve_or_abstain,60,scaffold_conv,,-1.0,0.0,0.0,-0.1,0.0,0.0,,-0.9,0.0,0.8833,60,54,0,,,,,,,,,0,LOWPOWER,,0.0,1.0,0.9,,
v3_1:random_override_wrong_claim:use_provided_support,v3_1,random_override_wrong_claim,use_provided_support,120,scaffold_conv,,-0.0167,0.0,-0.0167,,,,,,0.0,0.775,0,,,,,,,,,,,0,LOWPOWER,,0.8417,0.8583,0.975,,M=UPPER BOUND (no clean items); D/A undefined here
v3_1:random_override_wrong_claim:verify_bridge,v3_1,random_override_wrong_claim,verify_bridge,60,scaffold_conv,,-0.55,0.0,-0.55,,,,,,0.0,0.6167,0,,,,,,,,,,,0,LOWPOWER,,0.1,0.65,1.0,,M=UPPER BOUND (no clean items); D/A undefined here
v3_1:random_override_wrong_claim:verify_step,v3_1,random_override_wrong_claim,verify_step,60,scaffold_conv,,-0.4333,0.0,0.0,-0.0667,-0.0489,-0.3177,,0.0,-0.0,0.9167,60,56,56,1.0,0.9286,0.9107,0.5577,-0.3462,52,,,0,LOWPOWER,planted,0.4833,0.9167,0.9333,,
v3_1:random_verify_bridge:ALL,v3_1,random_verify_bridge,ALL,720,scaffold_conv,,-0.2278,0.0,0.1889,-0.0208,-0.0146,-0.1437,,-0.2375,0.0,0.7736,240,234,176,1.0,0.9773,0.9773,0.7791,-0.1977,172,,,0,LOWPOWER,planted/tentative,0.6333,0.8611,0.9764,,
v3_1:random_verify_bridge:keep_answer,v3_1,random_verify_bridge,keep_answer,180,scaffold_conv,,0.0167,0.0,0.0167,,,,,,0.0,0.5778,0,,,,,,,,,,,0,LOWPOWER,,0.7444,0.7278,0.9722,,M=UPPER BOUND (no clean items); D/A undefined here
v3_1:random_verify_bridge:override_wrong_claim,v3_1,random_verify_bridge,override_wrong_claim,60,scaffold_conv,,-0.6833,0.0,-0.6833,,,,,,0.0,0.9,0,,,,,,,,,,,0,LOWPOWER,,0.3167,1.0,0.9833,,M=UPPER BOUND (no clean items); D/A undefined here
v3_1:random_verify_bridge:recompute,v3_1,random_verify_bridge,recompute,180,scaffold_conv,,-0.05,0.0,0.0833,-0.0083,0.0,-0.125,,0.0,0.0,0.8944,120,119,119,1.0,1.0,1.0,0.8739,-0.1261,119,,,0,LOWPOWER,tentative,0.9056,0.9556,0.9944,,
v3_1:random_verify_bridge:retrieve_or_abstain,v3_1,random_verify_bridge,retrieve_or_abstain,60,scaffold_conv,,-0.9833,0.0,0.0,-0.0333,0.0,0.0,,-0.95,0.0,0.8833,60,58,0,,,,,,,,,0,LOWPOWER,,0.0167,1.0,0.9667,,
v3_1:random_verify_bridge:use_provided_support,v3_1,random_verify_bridge,use_provided_support,120,scaffold_conv,,-0.0083,0.0,-0.0083,,,,,,0.0,0.775,0,,,,,,,,,,,0,LOWPOWER,,0.85,0.8583,0.9667,,M=UPPER BOUND (no clean items); D/A undefined here
v3_1:random_verify_bridge:verify_bridge,v3_1,random_verify_bridge,verify_bridge,60,scaffold_conv,,-0.5333,0.0,-0.5333,,,,,,0.0,0.6167,0,,,,,,,,,,,0,LOWPOWER,,0.1167,0.65,0.9833,,M=UPPER BOUND (no clean items); D/A undefined here
v3_1:random_verify_bridge:verify_step,v3_1,random_verify_bridge,verify_step,60,scaffold_conv,,-0.4167,0.0,0.0,-0.0333,-0.0499,-0.3335,,0.0,0.0,0.9167,60,57,57,1.0,0.9298,0.9298,0.566,-0.3585,53,,,0,LOWPOWER,planted,0.5,0.9167,0.95,,
v3_1:random_verify_step:ALL,v3_1,random_verify_step,ALL,720,scaffold_conv,,-0.1972,0.0,0.1861,-0.0292,-0.0113,-0.1012,,-0.2417,0.0,0.7736,240,232,173,1.0,0.9827,0.9769,0.8353,-0.1412,170,,,0,LOWPOWER,planted/tentative,0.6639,0.8611,0.9708,,
v3_1:random_verify_step:keep_answer,v3_1,random_verify_step,keep_answer,180,scaffold_conv,,0.0056,0.0,0.0056,,,,,,0.0,0.5778,0,,,,,,,,,,,0,LOWPOWER,,0.7333,0.7278,0.95,,M=UPPER BOUND (no clean items); D/A undefined here
v3_1:random_verify_step:override_wrong_claim,v3_1,random_verify_step,override_wrong_claim,60,scaffold_conv,,-0.6,0.0,-0.6,,,,,,0.0,0.9,0,,,,,,,,,,,0,LOWPOWER,,0.4,1.0,1.0,,M=UPPER BOUND (no clean items); D/A undefined here
v3_1:random_verify_step:recompute,v3_1,random_verify_step,recompute,180,scaffold_conv,,-0.0278,0.0,0.0806,-0.0083,-0.0079,-0.0921,,0.0,0.0,0.8944,120,119,119,1.0,0.9916,1.0,0.9068,-0.0932,118,,,0,LOWPOWER,tentative,0.9278,0.9556,0.9944,,
v3_1:random_verify_step:retrieve_or_abstain,v3_1,random_verify_step,retrieve_or_abstain,60,scaffold_conv,,-0.9833,0.0,0.0,-0.0167,0.0,0.0,,-0.9667,0.0,0.8833,60,59,0,,,,,,,,,0,LOWPOWER,,0.0167,1.0,0.9833,,
v3_1:random_verify_step:use_provided_support,v3_1,random_verify_step,use_provided_support,120,scaffold_conv,,0.05,0.0,0.05,,,,,,0.0,0.775,0,,,,,,,,,,,0,LOWPOWER,,0.9083,0.8583,0.975,,M=UPPER BOUND (no clean items); D/A undefined here
v3_1:random_verify_step:verify_bridge,v3_1,random_verify_step,verify_bridge,60,scaffold_conv,,-0.4833,0.0,-0.4833,,,,,,0.0,0.6167,0,,,,,,,,,,,0,LOWPOWER,,0.1667,0.65,0.9833,,M=UPPER BOUND (no clean items); D/A undefined here
v3_1:random_verify_step:verify_step,v3_1,random_verify_step,verify_step,60,scaffold_conv,,-0.3333,0.0,0.0,-0.0833,-0.0267,-0.2233,,0.0,0.0,0.9167,60,54,54,1.0,0.963,0.9259,0.6731,-0.25,52,,,0,LOWPOWER,planted,0.5833,0.9167,0.9,,
v3_1:random_recompute:ALL,v3_1,random_recompute,ALL,720,scaffold_conv,,-0.0153,0.0,-0.0278,0.0,0.0,0.0125,,0.0,0.0,0.7736,240,240,180,1.0,1.0,0.9722,0.9889,0.0167,180,,,0,LOWPOWER,planted/tentative,0.8458,0.8611,1.0,,
v3_1:random_recompute:keep_answer,v3_1,random_recompute,keep_answer,180,scaffold_conv,,0.1778,0.0,0.1778,,,,,,0.0,0.5778,0,,,,,,,,,,,0,LOWPOWER,,0.9056,0.7278,1.0,,M=UPPER BOUND (no clean items); D/A undefined here
v3_1:random_recompute:override_wrong_claim,v3_1,random_recompute,override_wrong_claim,60,scaffold_conv,,-0.6833,0.0,-0.6833,,,,,,0.0,0.9,0,,,,,,,,,,,0,LOWPOWER,,0.3167,1.0,1.0,,M=UPPER BOUND (no clean items); D/A undefined here
v3_1:random_recompute:recompute,v3_1,random_recompute,recompute,180,scaffold_conv,,0.0333,0.0,0.0333,0.0,0.0,0.0,,0.0,0.0,0.8944,120,120,120,1.0,1.0,1.0,1.0,0.0,120,,,0,LOWPOWER,tentative,0.9889,0.9556,1.0,,
v3_1:random_recompute:retrieve_or_abstain,v3_1,random_recompute,retrieve_or_abstain,60,scaffold_conv,,0.0,0.0,0.0,0.0,0.0,0.0,,0.0,0.0,0.8833,60,60,0,,,,,,,,,0,LOWPOWER,,1.0,1.0,1.0,,
v3_1:random_recompute:use_provided_support,v3_1,random_recompute,use_provided_support,120,scaffold_conv,,0.125,0.0,0.125,,,,,,0.0,0.775,0,,,,,,,,,,,0,LOWPOWER,,0.9833,0.8583,1.0,,M=UPPER BOUND (no clean items); D/A undefined here
v3_1:random_recompute:verify_bridge,v3_1,random_recompute,verify_bridge,60,scaffold_conv,,-0.4333,0.0,-0.4333,,,,,,0.0,0.6167,0,,,,,,,,,,,0,LOWPOWER,,0.2167,0.65,1.0,,M=UPPER BOUND (no clean items); D/A undefined here
v3_1:random_recompute:verify_step,v3_1,random_recompute,verify_step,60,scaffold_conv,,0.05,0.0,0.0,0.0,0.0,0.05,,0.0,0.0,0.9167,60,60,60,1.0,1.0,0.9167,0.9667,0.05,60,,,0,LOWPOWER,planted,0.9667,0.9167,1.0,,
v3_1:random_use_provided_support:ALL,v3_1,random_use_provided_support,ALL,720,scaffold_conv,,-0.0042,0.0,-0.025,0.0,0.0,0.0208,,0.0,0.0,0.7736,240,240,180,1.0,1.0,0.9722,1.0,0.0278,180,,,0,LOWPOWER,planted/tentative,0.8569,0.8611,0.9931,,
v3_1:random_use_provided_support:keep_answer,v3_1,random_use_provided_support,keep_answer,180,scaffold_conv,,0.0944,0.0,0.0944,,,,,,0.0,0.5778,0,,,,,,,,,,,0,LOWPOWER,,0.8222,0.7278,0.9889,,M=UPPER BOUND (no clean items); D/A undefined here
v3_1:random_use_provided_support:override_wrong_claim,v3_1,random_use_provided_support,override_wrong_claim,60,scaffold_conv,,-0.45,0.0,-0.45,,,,,,0.0,0.9,0,,,,,,,,,,,0,LOWPOWER,,0.55,1.0,0.9667,,M=UPPER BOUND (no clean items); D/A undefined here
v3_1:random_use_provided_support:recompute,v3_1,random_use_provided_support,recompute,180,scaffold_conv,,0.0444,0.0,0.0444,0.0,0.0,0.0,,0.0,0.0,0.8944,120,120,120,1.0,1.0,1.0,1.0,0.0,120,,,0,LOWPOWER,tentative,1.0,0.9556,1.0,,
v3_1:random_use_provided_support:retrieve_or_abstain,v3_1,random_use_provided_support,retrieve_or_abstain,60,scaffold_conv,,0.0,0.0,0.0,0.0,0.0,0.0,,0.0,0.0,0.8833,60,60,0,,,,,,,,,0,LOWPOWER,,1.0,1.0,1.0,,
v3_1:random_use_provided_support:use_provided_support,v3_1,random_use_provided_support,use_provided_support,120,scaffold_conv,,0.0917,0.0,0.0917,,,,,,0.0,0.775,0,,,,,,,,,,,0,LOWPOWER,,0.95,0.8583,1.0,,M=UPPER BOUND (no clean items); D/A undefined here
v3_1:random_use_provided_support:verify_bridge,v3_1,random_use_provided_support,verify_bridge,60,scaffold_conv,,-0.2833,0.0,-0.2833,,,,,,0.0,0.6167,0,,,,,,,,,,,0,LOWPOWER,,0.3667,0.65,0.9833,,M=UPPER BOUND (no clean items); D/A undefined here
v3_1:random_use_provided_support:verify_step,v3_1,random_use_provided_support,verify_step,60,scaffold_conv,,0.0833,0.0,0.0,0.0,0.0,0.0833,,0.0,0.0,0.9167,60,60,60,1.0,1.0,0.9167,1.0,0.0833,60,,,0,LOWPOWER,planted,1.0,0.9167,1.0,,
v3_1:random_retrieve_or_abstain:ALL,v3_1,random_retrieve_or_abstain,ALL,720,scaffold_conv,,-0.2208,0.0,0.1708,-0.0417,-0.0264,-0.0944,,-0.2292,0.0,0.7736,240,230,174,1.0,0.9598,0.9713,0.8383,-0.1317,167,,,0,LOWPOWER,planted/tentative,0.6403,0.8611,0.975,,
v3_1:random_retrieve_or_abstain:keep_answer,v3_1,random_retrieve_or_abstain,keep_answer,180,scaffold_conv,,-0.0056,0.0,-0.0056,,,,,,0.0,0.5778,0,,,,,,,,,,,0,LOWPOWER,,0.7222,0.7278,0.9833,,M=UPPER BOUND (no clean items); D/A undefined here
v3_1:random_retrieve_or_abstain:override_wrong_claim,v3_1,random_retrieve_or_abstain,override_wrong_claim,60,scaffold_conv,,-0.6833,0.0,-0.6833,,,,,,0.0,0.9,0,,,,,,,,,,,0,LOWPOWER,,0.3167,1.0,0.95,,M=UPPER BOUND (no clean items); D/A undefined here
v3_1:random_retrieve_or_abstain:recompute,v3_1,random_retrieve_or_abstain,recompute,180,scaffold_conv,,-0.0611,0.0,0.0722,-0.0333,-0.0404,-0.0596,,0.0,0.0,0.8944,120,116,116,1.0,0.9569,1.0,0.9369,-0.0631,111,,,0,LOWPOWER,tentative,0.8944,0.9556,0.9778,,
v3_1:random_retrieve_or_abstain:retrieve_or_abstain,v3_1,random_retrieve_or_abstain,retrieve_or_abstain,60,scaffold_conv,,-0.9833,0.0,0.0,-0.0667,0.0,0.0,,-0.9167,0.0,0.8833,60,56,0,,,,,,,,,0,LOWPOWER,,0.0167,1.0,0.9333,,
v3_1:random_retrieve_or_abstain:use_provided_support,v3_1,random_retrieve_or_abstain,use_provided_support,120,scaffold_conv,,0.0167,0.0,0.0167,,,,,,0.0,0.775,0,,,,,,,,,,,0,LOWPOWER,,0.875,0.8583,0.9917,,M=UPPER BOUND (no clean items); D/A undefined here
v3_1:random_retrieve_or_abstain:verify_bridge,v3_1,random_retrieve_or_abstain,verify_bridge,60,scaffold_conv,,-0.5,0.0,-0.5,,,,,,0.0,0.6167,0,,,,,,,,,,,0,LOWPOWER,,0.15,0.65,0.9833,,M=UPPER BOUND (no clean items); D/A undefined here
v3_1:random_retrieve_or_abstain:verify_step,v3_1,random_retrieve_or_abstain,verify_step,60,scaffold_conv,,-0.3167,0.0,0.0,-0.0333,-0.0259,-0.2574,,0.0,0.0,0.9167,60,58,58,1.0,0.9655,0.9138,0.6429,-0.2679,56,,,0,LOWPOWER,planted,0.6,0.9167,0.9667,,
v3_1:wrongtarget_override_wrong_claim:ALL,v3_1,wrongtarget_override_wrong_claim,ALL,720,scaffold_conv,,-0.4139,0.0,0.5236,-0.0125,-0.0701,-0.6215,,-0.2333,0.0,0.7736,240,237,178,1.0,0.8146,0.9719,0.0483,-0.9172,145,,,0,LOWPOWER,planted/tentative,0.4472,0.8611,0.9903,,
v3_1:wrongtarget_override_wrong_claim:keep_answer,v3_1,wrongtarget_override_wrong_claim,keep_answer,180,scaffold_conv,,-0.3,0.0,-0.3,,,,,,0.0,0.5778,0,,,,,,,,,,,0,LOWPOWER,,0.4278,0.7278,0.9778,,M=UPPER BOUND (no clean items); D/A undefined here
v3_1:wrongtarget_override_wrong_claim:override_wrong_claim,v3_1,wrongtarget_override_wrong_claim,override_wrong_claim,60,scaffold_conv,,-0.05,0.0,-0.05,,,,,,0.0,0.9,0,,,,,,,,,,,0,LOWPOWER,,0.95,1.0,1.0,,M=UPPER BOUND (no clean items); D/A undefined here
v3_1:wrongtarget_override_wrong_claim:recompute,v3_1,wrongtarget_override_wrong_claim,recompute,180,scaffold_conv,,-0.6056,0.0,0.3611,0.0,-0.1042,-0.8625,,0.0,0.0,0.8944,120,120,120,1.0,0.8,1.0,0.0417,-0.9583,96,,,0,LOWPOWER,tentative,0.35,0.9556,1.0,,
v3_1:wrongtarget_override_wrong_claim:retrieve_or_abstain,v3_1,wrongtarget_override_wrong_claim,retrieve_or_abstain,60,scaffold_conv,,-0.95,0.0,0.0,-0.0167,0.0,0.0,,-0.9333,0.0,0.8833,60,59,0,,,,,,,,,0,LOWPOWER,,0.05,1.0,0.9833,,
v3_1:wrongtarget_override_wrong_claim:use_provided_support,v3_1,wrongtarget_override_wrong_claim,use_provided_support,120,scaffold_conv,,0.0833,0.0,0.0833,,,,,,0.0,0.775,0,,,,,,,,,,,0,LOWPOWER,,0.9417,0.8583,1.0,,M=UPPER BOUND (no clean items); D/A undefined here
v3_1:wrongtarget_override_wrong_claim:verify_bridge,v3_1,wrongtarget_override_wrong_claim,verify_bridge,60,scaffold_conv,,-0.55,0.0,-0.55,,,,,,0.0,0.6167,0,,,,,,,,,,,0,LOWPOWER,,0.1,0.65,1.0,,M=UPPER BOUND (no clean items); D/A undefined here
v3_1:wrongtarget_override_wrong_claim:verify_step,v3_1,wrongtarget_override_wrong_claim,verify_step,60,scaffold_conv,,-0.8667,0.0,0.0,-0.0333,-0.0731,-0.7602,,0.0,0.0,0.9167,60,58,58,1.0,0.8448,0.9138,0.0612,-0.8367,49,LOWPOWER,,0,LOWPOWER,planted,0.05,0.9167,0.9667,,
v3_1:wrongtarget_verify_bridge:ALL,v3_1,wrongtarget_verify_bridge,ALL,720,scaffold_conv,,-0.4444,0.0,0.4889,-0.1375,-0.0657,-0.5509,,-0.1792,-0.0,0.7736,240,207,164,1.0,0.8171,0.9695,0.0821,-0.8806,134,,,0,LOWPOWER,planted/tentative,0.4167,0.8611,0.9264,,
v3_1:wrongtarget_verify_bridge:keep_answer,v3_1,wrongtarget_verify_bridge,keep_answer,180,scaffold_conv,,-0.2,0.0,-0.2,,,,,,0.0,0.5778,0,,,,,,,,,,,0,LOWPOWER,,0.5278,0.7278,0.9667,,M=UPPER BOUND (no clean items); D/A undefined here
v3_1:wrongtarget_verify_bridge:override_wrong_claim,v3_1,wrongtarget_verify_bridge,override_wrong_claim,60,scaffold_conv,,-0.4,0.0,-0.4,,,,,,0.0,0.9,0,,,,,,,,,,,0,LOWPOWER,,0.6,1.0,0.9,,M=UPPER BOUND (no clean items); D/A undefined here
v3_1:wrongtarget_verify_bridge:recompute,v3_1,wrongtarget_verify_bridge,recompute,180,scaffold_conv,,-0.7111,0.0,0.2306,-0.0917,-0.0945,-0.7555,,0.0,0.0,0.8944,120,109,109,1.0,0.8073,1.0,0.0795,-0.9205,88,,,0,LOWPOWER,tentative,0.2444,0.9556,0.9278,,
v3_1:wrongtarget_verify_bridge:retrieve_or_abstain,v3_1,wrongtarget_verify_bridge,retrieve_or_abstain,60,scaffold_conv,,-1.0,0.0,0.0,-0.2833,0.0,0.0,,-0.7167,0.0,0.8833,60,43,0,,,,,,,,,0,LOWPOWER,,0.0,1.0,0.7167,,
v3_1:wrongtarget_verify_bridge:use_provided_support,v3_1,wrongtarget_verify_bridge,use_provided_support,120,scaffold_conv,,-0.2583,0.0,-0.2583,,,,,,0.0,0.775,0,,,,,,,,,,,0,LOWPOWER,,0.6,0.8583,0.95,,M=UPPER BOUND (no clean items); D/A undefined here
v3_1:wrongtarget_verify_bridge:verify_bridge,v3_1,wrongtarget_verify_bridge,verify_bridge,60,scaffold_conv,,0.1667,0.0,0.1667,,,,,,0.0,0.6167,0,,,,,,,,,,,0,LOWPOWER,,0.8167,0.65,1.0,,M=UPPER BOUND (no clean items); D/A undefined here
v3_1:wrongtarget_verify_bridge:verify_step,v3_1,wrongtarget_verify_bridge,verify_step,60,scaffold_conv,,-0.85,0.0,0.0,-0.0833,-0.0747,-0.692,,0.0,-0.0,0.9167,60,55,55,1.0,0.8364,0.9091,0.087,-0.8043,46,LOWPOWER,,0,LOWPOWER,planted,0.0667,0.9167,0.9167,,
v3_1:wrongtarget_verify_step:ALL,v3_1,wrongtarget_verify_step,ALL,720,scaffold_conv,,-0.4639,0.0,0.2069,-0.0917,-0.0655,-0.2762,,-0.2375,0.0,0.7736,240,218,161,1.0,0.8696,0.9689,0.5286,-0.4357,140,,,0,LOWPOWER,planted/tentative,0.3972,0.8611,0.7972,,
v3_1:wrongtarget_verify_step:keep_answer,v3_1,wrongtarget_verify_step,keep_answer,180,scaffold_conv,,-0.4056,0.0,-0.4056,,,,,,0.0,0.5778,0,,,,,,,,,,,0,LOWPOWER,,0.3222,0.7278,0.6444,,M=UPPER BOUND (no clean items); D/A undefined here
v3_1:wrongtarget_verify_step:override_wrong_claim,v3_1,wrongtarget_verify_step,override_wrong_claim,60,scaffold_conv,,-0.45,0.0,-0.45,,,,,,0.0,0.9,0,,,,,,,,,,,0,LOWPOWER,,0.55,1.0,0.8667,,M=UPPER BOUND (no clean items); D/A undefined here
v3_1:wrongtarget_verify_step:recompute,v3_1,wrongtarget_verify_step,recompute,180,scaffold_conv,,-0.6111,0.0,0.2222,-0.1583,-0.1094,-0.5656,,0.0,0.0,0.8944,120,101,101,1.0,0.7921,1.0,0.25,-0.75,80,,,0,LOWPOWER,tentative,0.3444,0.9556,0.8333,,
v3_1:wrongtarget_verify_step:retrieve_or_abstain,v3_1,wrongtarget_verify_step,retrieve_or_abstain,60,scaffold_conv,,-1.0,0.0,0.0,-0.05,0.0,0.0,,-0.95,0.0,0.8833,60,57,0,,,,,,,,,0,LOWPOWER,,0.0,1.0,0.95,,
v3_1:wrongtarget_verify_step:use_provided_support,v3_1,wrongtarget_verify_step,use_provided_support,120,scaffold_conv,,-0.2583,0.0,-0.2583,,,,,,0.0,0.775,0,,,,,,,,,,,0,LOWPOWER,,0.6,0.8583,0.8,,M=UPPER BOUND (no clean items); D/A undefined here
v3_1:wrongtarget_verify_step:verify_bridge,v3_1,wrongtarget_verify_step,verify_bridge,60,scaffold_conv,,-0.5333,0.0,-0.5333,,,,,,0.0,0.6167,0,,,,,,,,,,,0,LOWPOWER,,0.1167,0.65,0.7167,,M=UPPER BOUND (no clean items); D/A undefined here
v3_1:wrongtarget_verify_step:verify_step,v3_1,wrongtarget_verify_step,verify_step,60,scaffold_conv,,-0.0167,0.0,0.0,0.0,0.0,-0.0167,,0.0,0.0,0.9167,60,60,60,1.0,1.0,0.9167,0.9,-0.0167,60,,,0,LOWPOWER,planted,0.9,0.9167,1.0,,
v3_1:wrongtarget_recompute:ALL,v3_1,wrongtarget_recompute,ALL,720,scaffold_conv,,0.025,0.0,0.0042,0.0,0.0,0.0208,,0.0,0.0,0.7736,240,240,180,1.0,1.0,0.9722,1.0,0.0278,180,,,0,LOWPOWER,planted/tentative,0.8861,0.8611,1.0,,
v3_1:wrongtarget_recompute:keep_answer,v3_1,wrongtarget_recompute,keep_answer,180,scaffold_conv,,0.1722,0.0,0.1722,,,,,,0.0,0.5778,0,,,,,,,,,,,0,LOWPOWER,,0.9,0.7278,1.0,,M=UPPER BOUND (no clean items); D/A undefined here
v3_1:wrongtarget_recompute:override_wrong_claim,v3_1,wrongtarget_recompute,override_wrong_claim,60,scaffold_conv,,-0.1167,0.0,-0.1167,,,,,,0.0,0.9,0,,,,,,,,,,,0,LOWPOWER,,0.8833,1.0,1.0,,M=UPPER BOUND (no clean items); D/A undefined here
v3_1:wrongtarget_recompute:recompute,v3_1,wrongtarget_recompute,recompute,180,scaffold_conv,,0.0444,0.0,0.0444,0.0,0.0,0.0,,0.0,0.0,0.8944,120,120,120,1.0,1.0,1.0,1.0,0.0,120,,,0,LOWPOWER,tentative,1.0,0.9556,1.0,,
v3_1:wrongtarget_recompute:retrieve_or_abstain,v3_1,wrongtarget_recompute,retrieve_or_abstain,60,scaffold_conv,,0.0,0.0,0.0,0.0,0.0,0.0,,0.0,0.0,0.8833,60,60,0,,,,,,,,,0,LOWPOWER,,1.0,1.0,1.0,,
v3_1:wrongtarget_recompute:use_provided_support,v3_1,wrongtarget_recompute,use_provided_support,120,scaffold_conv,,0.1167,0.0,0.1167,,,,,,0.0,0.775,0,,,,,,,,,,,0,LOWPOWER,,0.975,0.8583,1.0,,M=UPPER BOUND (no clean items); D/A undefined here
v3_1:wrongtarget_recompute:verify_bridge,v3_1,wrongtarget_recompute,verify_bridge,60,scaffold_conv,,-0.55,0.0,-0.55,,,,,,0.0,0.6167,0,,,,,,,,,,,0,LOWPOWER,,0.1,0.65,1.0,,M=UPPER BOUND (no clean items); D/A undefined here
v3_1:wrongtarget_recompute:verify_step,v3_1,wrongtarget_recompute,verify_step,60,scaffold_conv,,0.0833,0.0,0.0,0.0,0.0,0.0833,,0.0,0.0,0.9167,60,60,60,1.0,1.0,0.9167,1.0,0.0833,60,,,0,LOWPOWER,planted,1.0,0.9167,1.0,,
v3_1:wrongtarget_use_provided_support:ALL,v3_1,wrongtarget_use_provided_support,ALL,720,scaffold_conv,,-0.2194,0.0,0.4597,-0.0125,-0.1826,-0.4841,,0.0,-0.0,0.7736,240,237,177,1.0,0.548,0.9718,0.1237,-0.8247,97,,,0,LOWPOWER,planted/tentative,0.6417,0.8611,0.9944,,
v3_1:wrongtarget_use_provided_support:keep_answer,v3_1,wrongtarget_use_provided_support,keep_answer,180,scaffold_conv,,0.1889,0.0,0.1889,,,,,,0.0,0.5778,0,,,,,,,,,,,0,LOWPOWER,,0.9167,0.7278,0.9944,,M=UPPER BOUND (no clean items); D/A undefined here
v3_1:wrongtarget_use_provided_support:override_wrong_claim,v3_1,wrongtarget_use_provided_support,override_wrong_claim,60,scaffold_conv,,-0.4,0.0,-0.4,,,,,,0.0,0.9,0,,,,,,,,,,,0,LOWPOWER,,0.6,1.0,1.0,,M=UPPER BOUND (no clean items); D/A undefined here
v3_1:wrongtarget_use_provided_support:recompute,v3_1,wrongtarget_use_provided_support,recompute,180,scaffold_conv,,-0.5556,0.0,0.3444,-0.025,-0.2622,-0.6128,,0.0,0.0,0.8944,120,117,117,1.0,0.547,1.0,0.1875,-0.8125,64,,,0,LOWPOWER,tentative,0.4,0.9556,0.9833,,
v3_1:wrongtarget_use_provided_support:retrieve_or_abstain,v3_1,wrongtarget_use_provided_support,retrieve_or_abstain,60,scaffold_conv,,0.0,0.0,0.0,0.0,0.0,0.0,,0.0,0.0,0.8833,60,60,0,,,,,,,,,0,LOWPOWER,,1.0,1.0,1.0,,
v3_1:wrongtarget_use_provided_support:use_provided_support,v3_1,wrongtarget_use_provided_support,use_provided_support,120,scaffold_conv,,0.1333,0.0,0.1333,,,,,,0.0,0.775,0,,,,,,,,,,,0,LOWPOWER,,0.9917,0.8583,1.0,,M=UPPER BOUND (no clean items); D/A undefined here
v3_1:wrongtarget_use_provided_support:verify_bridge,v3_1,wrongtarget_use_provided_support,verify_bridge,60,scaffold_conv,,-0.4833,0.0,-0.4833,,,,,,0.0,0.6167,0,,,,,,,,,,,0,LOWPOWER,,0.1667,0.65,1.0,,M=UPPER BOUND (no clean items); D/A undefined here
v3_1:wrongtarget_use_provided_support:verify_step,v3_1,wrongtarget_use_provided_support,verify_step,60,scaffold_conv,,-0.9167,0.0,0.0,0.0,-0.2062,-0.7104,,0.0,0.0,0.9167,60,60,60,1.0,0.55,0.9167,0.0,-0.8485,33,LOWPOWER,,0,LOWPOWER,planted,0.0,0.9167,1.0,,
v3_1:wrongtarget_retrieve_or_abstain:ALL,v3_1,wrongtarget_retrieve_or_abstain,ALL,720,scaffold_conv,,-0.575,0.0,0.0208,-0.0417,-0.144,-0.4101,,0.0,0.0,0.7736,240,229,169,1.0,0.6746,0.9763,0.2807,-0.7018,114,,,0,LOWPOWER,planted/tentative,0.2861,0.8611,0.9014,,
v3_1:wrongtarget_retrieve_or_abstain:keep_answer,v3_1,wrongtarget_retrieve_or_abstain,keep_answer,180,scaffold_conv,,-0.5111,0.0,-0.5111,,,,,,0.0,0.5778,0,,,,,,,,,,,0,LOWPOWER,,0.2167,0.7278,0.8556,,M=UPPER BOUND (no clean items); D/A undefined here
v3_1:wrongtarget_retrieve_or_abstain:override_wrong_claim,v3_1,wrongtarget_retrieve_or_abstain,override_wrong_claim,60,scaffold_conv,,-0.6333,0.0,-0.6333,,,,,,0.0,0.9,0,,,,,,,,,,,0,LOWPOWER,,0.3667,1.0,0.9167,,M=UPPER BOUND (no clean items); D/A undefined here
v3_1:wrongtarget_retrieve_or_abstain:recompute,v3_1,wrongtarget_retrieve_or_abstain,recompute,180,scaffold_conv,,-0.7222,0.0,0.0944,-0.0583,-0.2292,-0.5291,,0.0,-0.0,0.8944,120,113,113,1.0,0.6283,1.0,0.3099,-0.6901,71,,,0,LOWPOWER,tentative,0.2333,0.9556,0.9167,,
v3_1:wrongtarget_retrieve_or_abstain:retrieve_or_abstain,v3_1,wrongtarget_retrieve_or_abstain,retrieve_or_abstain,60,scaffold_conv,,0.0,0.0,0.0,0.0,0.0,0.0,,0.0,0.0,0.8833,60,60,0,,,,,,,,,0,LOWPOWER,,1.0,1.0,1.0,,
v3_1:wrongtarget_retrieve_or_abstain:use_provided_support,v3_1,wrongtarget_retrieve_or_abstain,use_provided_support,120,scaffold_conv,,-0.6083,0.0,-0.6083,,,,,,0.0,0.775,0,,,,,,,,,,,0,LOWPOWER,,0.25,0.8583,0.9,,M=UPPER BOUND (no clean items); D/A undefined here
v3_1:wrongtarget_retrieve_or_abstain:verify_bridge,v3_1,wrongtarget_retrieve_or_abstain,verify_bridge,60,scaffold_conv,,-0.6,0.0,-0.6,,,,,,0.0,0.6167,0,,,,,,,,,,,0,LOWPOWER,,0.05,0.65,0.85,,M=UPPER BOUND (no clean items); D/A undefined here
v3_1:wrongtarget_retrieve_or_abstain:verify_step,v3_1,wrongtarget_retrieve_or_abstain,verify_step,60,scaffold_conv,,-0.75,0.0,0.0,-0.05,-0.1258,-0.5742,,0.0,-0.0,0.9167,60,56,56,1.0,0.7679,0.9286,0.2326,-0.7209,43,LOWPOWER,,0,LOWPOWER,planted,0.1667,0.9167,0.9333,,
v4:scaffold_only:ALL,v4,scaffold_only,ALL,480,scaffold_conv,3,-0.0292,0.0896,0.0,-0.2,0.0205,0.0941,,-0.0333,-0.0,,480,326,179,0.7598,0.8603,0.3897,0.7013,0.2797,118,,-0.0526,38,LOWPOWER,planted/tentative,0.4396,0.5583,0.6792,,
v4:scaffold_only:keep_answer,v4,scaffold_only,keep_answer,160,scaffold_conv,3,-0.0375,0.0938,0.0,-0.15,0.0,0.0,,0.0187,0.0,,160,126,0,,,,,,,,,0,LOWPOWER,,0.6312,0.7625,0.7875,,
v4:scaffold_only:override_wrong_claim,v4,scaffold_only,override_wrong_claim,80,scaffold_conv,3,0.225,0.0,0.0,-0.05,0.0268,0.2482,,0.0,-0.0,,80,64,64,0.625,0.6875,0.3,0.7727,0.3846,26,LOWPOWER,-0.0667,15,LOWPOWER,planted,0.425,0.2,0.8,,
v4:scaffold_only:recompute,v4,scaffold_only,recompute,80,scaffold_conv,3,0.2375,0.075,0.0,-0.0625,0.1076,0.1174,,0.0,-0.0,,80,53,53,0.6604,0.9623,0.4286,0.6471,0.2353,34,LOWPOWER,-0.0714,14,LOWPOWER,tentative,0.4125,0.25,0.6625,,
v4:scaffold_only:retrieve_or_abstain,v4,scaffold_only,retrieve_or_abstain,80,scaffold_conv,3,-0.725,0.25,0.0,-0.7375,0.0,0.0,,-0.2375,0.0,,80,21,0,,,,,,,,,0,LOWPOWER,,0.025,1.0,0.2625,,
v4:scaffold_only:verify_step,v4,scaffold_only,verify_step,80,scaffold_conv,3,0.1625,0.025,0.0,-0.05,-0.014,0.2015,,0.0,-0.0,,80,62,62,0.9839,0.9516,0.4262,0.6949,0.2586,58,,0.0,9,LOWPOWER,planted,0.5125,0.375,0.775,,
v4:actionized_full:ALL,v4,actionized_full,ALL,480,scaffold_conv,,0.0667,0.0,0.0,0.0,-0.0036,0.0474,,0.0229,0.0,0.1188,480,480,240,0.7417,0.725,0.3708,0.5,0.128,164,,-0.375,48,LOWPOWER,planted/tentative,0.625,0.5583,1.0,,
v4:actionized_full:keep_answer,v4,actionized_full,keep_answer,160,scaffold_conv,,0.0688,0.0,0.0,0.0,0.0,0.0,,0.0688,0.0,0.1312,160,160,0,,,,,,,,,0,LOWPOWER,,0.8313,0.7625,1.0,,
v4:actionized_full:override_wrong_claim,v4,actionized_full,override_wrong_claim,80,scaffold_conv,,0.05,0.0,0.0,0.0,-0.0137,0.0637,,0.0,-0.0,-0.225,80,80,80,0.6375,0.6,0.3137,0.4167,0.093,43,LOWPOWER,-0.5294,17,LOWPOWER,planted,0.25,0.2,1.0,,
v4:actionized_full:recompute,v4,actionized_full,recompute,80,scaffold_conv,,0.0125,0.0,0.0,0.0,-0.0109,0.0234,,0.0,0.0,-0.1625,80,80,80,0.6,0.575,0.4167,0.4565,0.0476,42,LOWPOWER,-0.2632,19,LOWPOWER,tentative,0.2625,0.25,1.0,,
v4:actionized_full:retrieve_or_abstain,v4,actionized_full,retrieve_or_abstain,80,scaffold_conv,,0.0,0.0,0.0,0.0,0.0,0.0,,0.0,0.0,0.975,80,80,0,,,,,,,,,0,LOWPOWER,,1.0,1.0,1.0,,
v4:actionized_full:verify_step,v4,actionized_full,verify_step,80,scaffold_conv,,0.2,0.0,0.0,0.0,0.006,0.194,,0.0,0.0,-0.1375,80,80,80,0.9875,1.0,0.3797,0.575,0.1899,79,,-0.3333,12,LOWPOWER,planted,0.575,0.375,1.0,,
v4:diagnosis_base:ALL,v4,diagnosis_base,ALL,480,scaffold_conv,,,,,,,,,,,,,,,,,,,,,,,,,,0.2938,,0.2979,REF,pre-repair reference; absolute only
v4:diagnosis_base:keep_answer,v4,diagnosis_base,keep_answer,160,scaffold_conv,,,,,,,,,,,,,,,,,,,,,,,,,,0.4375,,0.4375,REF,pre-repair reference; absolute only
v4:diagnosis_base:override_wrong_claim,v4,diagnosis_base,override_wrong_claim,80,scaffold_conv,,,,,,,,,,,,,,,,,,,,,,,,,,0.2875,,0.3,REF,pre-repair reference; absolute only
v4:diagnosis_base:recompute,v4,diagnosis_base,recompute,80,scaffold_conv,,,,,,,,,,,,,,,,,,,,,,,,,,0.3375,,0.35,REF,pre-repair reference; absolute only
v4:diagnosis_base:retrieve_or_abstain,v4,diagnosis_base,retrieve_or_abstain,80,scaffold_conv,,,,,,,,,,,,,,,,,,,,,,,,,,0.1125,,0.1125,REF,pre-repair reference; absolute only
v4:diagnosis_base:verify_step,v4,diagnosis_base,verify_step,80,scaffold_conv,,,,,,,,,,,,,,,,,,,,,,,,,,0.15,,0.15,REF,pre-repair reference; absolute only
v4:targeted_verify_step:ALL,v4,targeted_verify_step,ALL,480,scaffold_conv,3,-0.0542,0.0021,0.0,-0.0187,0.0315,0.0206,,-0.0896,-0.0,0.1188,480,453,224,0.7679,0.9375,0.3721,0.4238,0.0476,168,,-0.3934,61,,planted/tentative,0.5021,0.5583,0.9437,,
v4:targeted_verify_step:keep_answer,v4,targeted_verify_step,keep_answer,160,scaffold_conv,3,-0.3125,0.0,0.0,-0.0437,0.0,0.0,,-0.2687,0.0,0.1312,160,149,0,,,,,,,,,0,LOWPOWER,,0.45,0.7625,0.9313,,
v4:targeted_verify_step:override_wrong_claim,v4,targeted_verify_step,override_wrong_claim,80,scaffold_conv,3,0.0375,0.0,0.0,0.0,0.0758,-0.0383,,0.0,-0.0,-0.225,80,80,80,0.6375,0.9,0.3137,0.2639,0.0,49,LOWPOWER,-0.5909,22,LOWPOWER,planted,0.2375,0.2,1.0,,
v4:targeted_verify_step:recompute,v4,targeted_verify_step,recompute,80,scaffold_conv,3,0.225,0.0125,0.0,-0.025,0.1067,0.1308,,0.0,-0.0,-0.1625,80,64,64,0.6562,0.9062,0.4286,0.6379,0.15,40,LOWPOWER,-0.2222,27,LOWPOWER,tentative,0.4625,0.25,0.8,,
v4:targeted_verify_step:retrieve_or_abstain,v4,targeted_verify_step,retrieve_or_abstain,80,scaffold_conv,3,0.0,0.0,0.0,0.0,0.0,0.0,,0.0,0.0,0.975,80,80,0,,,,,,,,,0,LOWPOWER,,1.0,1.0,1.0,,
v4:targeted_verify_step:verify_step,v4,targeted_verify_step,verify_step,80,scaffold_conv,3,0.0375,0.0,0.0,0.0,0.005,0.0325,,0.0,0.0,-0.1375,80,80,80,0.9875,1.0,0.3797,0.4125,0.0253,79,,-0.4167,12,LOWPOWER,planted,0.4125,0.375,1.0,,
v4:targeted_override_wrong_claim:ALL,v4,targeted_override_wrong_claim,ALL,480,scaffold_conv,3,-0.0167,0.0,0.0,-0.0063,0.0483,0.0351,,-0.0938,-0.0,0.1188,480,468,232,0.75,0.9871,0.3793,0.4629,0.1053,171,,-0.3226,62,,planted/tentative,0.5417,0.5583,0.975,,
v4:targeted_override_wrong_claim:keep_answer,v4,targeted_override_wrong_claim,keep_answer,160,scaffold_conv,3,-0.3,0.0,0.0,-0.0187,0.0,0.0,,-0.2812,0.0,0.1312,160,156,0,,,,,,,,,0,LOWPOWER,,0.4625,0.7625,0.975,,
v4:targeted_override_wrong_claim:override_wrong_claim,v4,targeted_override_wrong_claim,override_wrong_claim,80,scaffold_conv,3,0.1,0.0,0.0,0.0,0.1081,-0.0081,,0.0,-0.0,-0.225,80,80,80,0.6375,0.9875,0.3137,0.3038,0.06,50,,-0.5652,23,LOWPOWER,planted,0.3,0.2,1.0,,
v4:targeted_override_wrong_claim:recompute,v4,targeted_override_wrong_claim,recompute,80,scaffold_conv,3,0.35,0.0,0.0,0.0,0.1821,0.1679,,0.0,-0.0,-0.1625,80,73,73,0.6164,0.9726,0.4444,0.6761,0.2791,43,LOWPOWER,-0.037,27,LOWPOWER,tentative,0.6,0.25,0.9125,,
v4:targeted_override_wrong_claim:retrieve_or_abstain,v4,targeted_override_wrong_claim,retrieve_or_abstain,80,scaffold_conv,3,0.0,0.0,0.0,0.0,0.0,0.0,,0.0,0.0,0.975,80,80,0,,,,,,,,,0,LOWPOWER,,1.0,1.0,1.0,,
v4:targeted_override_wrong_claim:verify_step,v4,targeted_override_wrong_claim,verify_step,80,scaffold_conv,3,0.05,0.0,0.0,0.0,0.0051,0.0449,,0.0,0.0,-0.1375,80,79,79,0.9873,1.0,0.3846,0.4304,0.0385,78,,-0.5,12,LOWPOWER,planted,0.425,0.375,0.9875,,
v4:targeted_recompute:ALL,v4,targeted_recompute,ALL,480,scaffold_conv,3,-0.1188,0.0,0.0,0.0,0.0351,-0.0164,,-0.1375,0.0,0.1188,480,480,240,0.7417,0.9417,0.3708,0.3319,-0.0058,173,,-0.5,62,,planted/tentative,0.4396,0.5583,1.0,,
v4:targeted_recompute:keep_answer,v4,targeted_recompute,keep_answer,160,scaffold_conv,3,-0.4125,0.0,0.0,0.0,0.0,0.0,,-0.4125,0.0,0.1312,160,160,0,,,,,,,,,0,LOWPOWER,,0.35,0.7625,1.0,,
v4:targeted_recompute:override_wrong_claim,v4,targeted_recompute,override_wrong_claim,80,scaffold_conv,3,0.025,0.0,0.0,0.0,0.0615,-0.0365,,0.0,-0.0,-0.225,80,80,80,0.6375,0.85,0.3137,0.2647,0.0,46,LOWPOWER,-0.6364,22,LOWPOWER,planted,0.225,0.2,1.0,,
v4:targeted_recompute:recompute,v4,targeted_recompute,recompute,80,scaffold_conv,3,0.075,0.0,0.0,0.0,0.1406,-0.0656,,0.0,0.0,-0.1625,80,80,80,0.6,0.975,0.4167,0.3333,-0.0208,48,LOWPOWER,-0.4286,28,LOWPOWER,tentative,0.325,0.25,1.0,,
v4:targeted_recompute:retrieve_or_abstain,v4,targeted_recompute,retrieve_or_abstain,80,scaffold_conv,3,0.0,0.0,0.0,0.0,0.0,0.0,,0.0,0.0,0.975,80,80,0,,,,,,,,,0,LOWPOWER,,1.0,1.0,1.0,,
v4:targeted_recompute:verify_step,v4,targeted_recompute,verify_step,80,scaffold_conv,3,0.0125,0.0,0.0,0.0,0.0048,0.0077,,0.0,0.0,-0.1375,80,80,80,0.9875,1.0,0.3797,0.3875,0.0,79,,-0.4167,12,LOWPOWER,planted,0.3875,0.375,1.0,,
v4:targeted_retrieve_or_abstain:ALL,v4,targeted_retrieve_or_abstain,ALL,480,scaffold_conv,3,-0.0875,0.0,0.0,-0.0125,0.0208,-0.0062,,-0.0896,-0.0,0.1188,480,465,231,0.7489,0.8701,0.3642,0.3483,-0.0248,161,,-0.4815,54,,planted/tentative,0.4708,0.5583,0.9688,,
v4:targeted_retrieve_or_abstain:keep_answer,v4,targeted_retrieve_or_abstain,keep_answer,160,scaffold_conv,3,-0.2875,0.0,0.0,-0.0187,0.0,0.0,,-0.2687,0.0,0.1312,160,154,0,,,,,,,,,0,LOWPOWER,,0.475,0.7625,0.9625,,
v4:targeted_retrieve_or_abstain:override_wrong_claim,v4,targeted_retrieve_or_abstain,override_wrong_claim,80,scaffold_conv,3,-0.025,0.0,0.0,0.0,0.0243,-0.0493,,0.0,-0.0,-0.225,80,80,80,0.6375,0.725,0.3137,0.2414,-0.0976,41,LOWPOWER,-0.6471,17,LOWPOWER,planted,0.175,0.2,1.0,,
v4:targeted_retrieve_or_abstain:recompute,v4,targeted_retrieve_or_abstain,recompute,80,scaffold_conv,3,0.0875,0.0,0.0,-0.025,0.1039,0.0086,,0.0,0.0,-0.1625,80,72,72,0.6111,0.8889,0.4091,0.4219,0.0238,42,LOWPOWER,-0.36,25,LOWPOWER,tentative,0.3375,0.25,0.9,,
v4:targeted_retrieve_or_abstain:retrieve_or_abstain,v4,targeted_retrieve_or_abstain,retrieve_or_abstain,80,scaffold_conv,3,0.0,0.0,0.0,0.0,0.0,0.0,,0.0,0.0,0.975,80,80,0,,,,,,,,,0,LOWPOWER,,1.0,1.0,1.0,,
v4:targeted_retrieve_or_abstain:verify_step,v4,targeted_retrieve_or_abstain,verify_step,80,scaffold_conv,3,-0.0125,0.0,0.0,-0.0125,0.0046,-0.0046,,0.0,0.0,-0.1375,80,79,79,0.9873,1.0,0.3718,0.3671,-0.0128,78,,-0.5,12,LOWPOWER,planted,0.3625,0.375,0.9875,,
v4:random_verify_step:ALL,v4,random_verify_step,ALL,480,scaffold_conv,,-0.025,0.0021,0.0,-0.0042,-0.0047,0.0026,,-0.0208,-0.0,0.1188,480,475,237,0.7426,0.7173,0.3693,0.3765,0.0137,146,,-0.5,46,LOWPOWER,planted/tentative,0.5312,0.5583,0.9896,,
v4:random_verify_step:keep_answer,v4,random_verify_step,keep_answer,160,scaffold_conv,,-0.0687,0.0,0.0,-0.0063,0.0,0.0,,-0.0625,0.0,0.1312,160,158,0,,,,,,,,,0,LOWPOWER,,0.6937,0.7625,0.9875,,
v4:random_verify_step:override_wrong_claim,v4,random_verify_step,override_wrong_claim,80,scaffold_conv,,-0.075,0.0,0.0,0.0,-0.0694,-0.0056,,0.0,-0.0,-0.225,80,80,80,0.6375,0.4125,0.3137,0.303,-0.0385,26,LOWPOWER,-0.5833,12,LOWPOWER,planted,0.125,0.2,1.0,,
v4:random_verify_step:recompute,v4,random_verify_step,recompute,80,scaffold_conv,,0.05,0.0125,0.0,-0.0125,0.0561,-0.0061,,0.0,-0.0,-0.1625,80,77,77,0.5974,0.7403,0.413,0.4035,0.0732,41,LOWPOWER,-0.4091,22,LOWPOWER,tentative,0.2875,0.25,0.9625,,
v4:random_verify_step:retrieve_or_abstain,v4,random_verify_step,retrieve_or_abstain,80,scaffold_conv,,0.0,0.0,0.0,0.0,0.0,0.0,,0.0,0.0,0.975,80,80,0,,,,,,,,,0,LOWPOWER,,1.0,1.0,1.0,,
v4:random_verify_step:verify_step,v4,random_verify_step,verify_step,80,scaffold_conv,,0.0125,0.0,0.0,0.0,0.0048,0.0077,,0.0,0.0,-0.1375,80,80,80,0.9875,1.0,0.3797,0.3875,0.0,79,,-0.5833,12,LOWPOWER,planted,0.3875,0.375,1.0,,
v4:random_override_wrong_claim:ALL,v4,random_override_wrong_claim,ALL,480,scaffold_conv,,-0.0083,0.0,0.0,-0.0042,-0.0088,0.0088,,-0.0042,0.0,0.1188,480,475,238,0.7437,0.6975,0.3729,0.3976,0.0204,147,,-0.4318,44,LOWPOWER,planted/tentative,0.55,0.5583,0.9896,,
v4:random_override_wrong_claim:keep_answer,v4,random_override_wrong_claim,keep_answer,160,scaffold_conv,,-0.025,0.0,0.0,-0.0125,0.0,0.0,,-0.0125,0.0,0.1312,160,157,0,,,,,,,,,0,LOWPOWER,,0.7375,0.7625,0.9812,,
v4:random_override_wrong_claim:override_wrong_claim,v4,random_override_wrong_claim,override_wrong_claim,80,scaffold_conv,,-0.075,0.0,0.0,0.0,-0.0646,-0.0104,,0.0,-0.0,-0.225,80,80,80,0.6375,0.425,0.3137,0.2941,0.0,28,LOWPOWER,-0.6364,11,LOWPOWER,planted,0.125,0.2,1.0,,
v4:random_override_wrong_claim:recompute,v4,random_override_wrong_claim,recompute,80,scaffold_conv,,0.075,0.0,0.0,0.0,0.0289,0.0461,,0.0,0.0,-0.1625,80,78,78,0.6026,0.6667,0.4255,0.5,0.1,40,LOWPOWER,-0.2381,21,LOWPOWER,tentative,0.325,0.25,0.975,,
v4:random_override_wrong_claim:retrieve_or_abstain,v4,random_override_wrong_claim,retrieve_or_abstain,80,scaffold_conv,,0.0,0.0,0.0,0.0,0.0,0.0,,0.0,0.0,0.975,80,80,0,,,,,,,,,0,LOWPOWER,,1.0,1.0,1.0,,
v4:random_override_wrong_claim:verify_step,v4,random_override_wrong_claim,verify_step,80,scaffold_conv,,0.0,0.0,0.0,0.0,0.0047,-0.0047,,0.0,0.0,-0.1375,80,80,80,0.9875,1.0,0.3797,0.375,-0.0127,79,,-0.5833,12,LOWPOWER,planted,0.375,0.375,1.0,,
v4:random_recompute:ALL,v4,random_recompute,ALL,480,scaffold_conv,,-0.0563,0.0,0.0,-0.0021,0.0084,-0.0063,,-0.0563,-0.0,0.1188,480,476,239,0.7406,0.7866,0.3729,0.3564,0.0,162,,-0.5,48,LOWPOWER,planted/tentative,0.5021,0.5583,0.9917,,
v4:random_recompute:keep_answer,v4,random_recompute,keep_answer,160,scaffold_conv,,-0.175,0.0,0.0,-0.0063,0.0,0.0,,-0.1688,0.0,0.1312,160,157,0,,,,,,,,,0,LOWPOWER,,0.5875,0.7625,0.9812,,
v4:random_recompute:override_wrong_claim,v4,random_recompute,override_wrong_claim,80,scaffold_conv,,0.0,0.0,0.0,0.0,0.0393,-0.0393,,0.0,-0.0,-0.225,80,80,80,0.6375,0.775,0.3137,0.2581,-0.0435,46,LOWPOWER,-0.6316,19,LOWPOWER,planted,0.2,0.2,1.0,,
v4:random_recompute:recompute,v4,random_recompute,recompute,80,scaffold_conv,,0.0125,0.0,0.0,0.0,-0.0055,0.018,,0.0,0.0,-0.1625,80,79,79,0.5949,0.5823,0.4255,0.4565,0.0811,37,LOWPOWER,-0.2941,17,LOWPOWER,tentative,0.2625,0.25,0.9875,,
v4:random_recompute:retrieve_or_abstain,v4,random_recompute,retrieve_or_abstain,80,scaffold_conv,,0.0,0.0,0.0,0.0,0.0,0.0,,0.0,0.0,0.975,80,80,0,,,,,,,,,0,LOWPOWER,,1.0,1.0,1.0,,
v4:random_recompute:verify_step,v4,random_recompute,verify_step,80,scaffold_conv,,0.0,0.0,0.0,0.0,0.0047,-0.0047,,0.0,0.0,-0.1375,80,80,80,0.9875,1.0,0.3797,0.375,-0.0127,79,,-0.5833,12,LOWPOWER,planted,0.375,0.375,1.0,,
v4:random_retrieve_or_abstain:ALL,v4,random_retrieve_or_abstain,ALL,480,scaffold_conv,,-0.0458,0.0,0.0,-0.0021,0.0174,0.0034,,-0.0646,-0.0,0.1188,480,476,238,0.7395,0.8319,0.375,0.3838,0.0247,162,,-0.434,53,,planted/tentative,0.5125,0.5583,0.9917,,
v4:random_retrieve_or_abstain:keep_answer,v4,random_retrieve_or_abstain,keep_answer,160,scaffold_conv,,-0.2,0.0,0.0,-0.0063,0.0,0.0,,-0.1938,0.0,0.1312,160,158,0,,,,,,,,,0,LOWPOWER,,0.5625,0.7625,0.9875,,
v4:random_retrieve_or_abstain:override_wrong_claim,v4,random_retrieve_or_abstain,override_wrong_claim,80,scaffold_conv,,-0.025,0.0,0.0,0.0,0.0142,-0.0392,,0.0,-0.0,-0.225,80,80,80,0.6375,0.6875,0.3137,0.2545,-0.05,40,LOWPOWER,-0.5625,16,LOWPOWER,planted,0.175,0.2,1.0,,
v4:random_retrieve_or_abstain:recompute,v4,random_retrieve_or_abstain,recompute,80,scaffold_conv,,0.1125,0.0,0.0,0.0,0.0951,0.0174,,0.0,-0.0,-0.1625,80,78,78,0.5897,0.8077,0.4348,0.4603,0.093,43,LOWPOWER,-0.32,25,LOWPOWER,tentative,0.3625,0.25,0.975,,
v4:random_retrieve_or_abstain:retrieve_or_abstain,v4,random_retrieve_or_abstain,retrieve_or_abstain,80,scaffold_conv,,0.0,0.0,0.0,0.0,0.0,0.0,,0.0,0.0,0.975,80,80,0,,,,,,,,,0,LOWPOWER,,1.0,1.0,1.0,,
v4:random_retrieve_or_abstain:verify_step,v4,random_retrieve_or_abstain,verify_step,80,scaffold_conv,,0.0375,0.0,0.0,0.0,0.005,0.0325,,0.0,0.0,-0.1375,80,80,80,0.9875,1.0,0.3797,0.4125,0.0253,79,,-0.5,12,LOWPOWER,planted,0.4125,0.375,1.0,,
v4:wrongtarget_verify_step:ALL,v4,wrongtarget_verify_step,ALL,480,scaffold_conv,,-0.0125,0.0021,0.0,-0.0146,0.0331,0.0398,,-0.0729,-0.0,0.1188,480,467,233,0.7554,0.9185,0.3693,0.4673,0.0882,170,,-0.2759,58,,planted/tentative,0.5437,0.5583,0.9729,,
v4:wrongtarget_verify_step:keep_answer,v4,wrongtarget_verify_step,keep_answer,160,scaffold_conv,,-0.2562,0.0,0.0,-0.0375,0.0,0.0,,-0.2188,0.0,0.1312,160,154,0,,,,,,,,,0,LOWPOWER,,0.5062,0.7625,0.9625,,
v4:wrongtarget_verify_step:override_wrong_claim,v4,wrongtarget_verify_step,override_wrong_claim,80,scaffold_conv,,0.1375,0.0,0.0,-0.0125,0.0592,0.0908,,0.0,0.0,-0.225,80,78,78,0.641,0.8077,0.3,0.4286,0.1111,45,LOWPOWER,-0.3889,18,LOWPOWER,planted,0.3375,0.2,0.975,,
v4:wrongtarget_verify_step:recompute,v4,wrongtarget_verify_step,recompute,80,scaffold_conv,,0.25,0.0125,0.0,0.0,0.1462,0.0913,,0.0,-0.0,-0.1625,80,75,75,0.6267,0.9467,0.4255,0.5493,0.1522,46,LOWPOWER,-0.1429,28,LOWPOWER,tentative,0.4875,0.25,0.9375,,
v4:wrongtarget_verify_step:retrieve_or_abstain,v4,wrongtarget_verify_step,retrieve_or_abstain,80,scaffold_conv,,0.0,0.0,0.0,0.0,0.0,0.0,,0.0,0.0,0.975,80,80,0,,,,,,,,,0,LOWPOWER,,1.0,1.0,1.0,,
v4:wrongtarget_verify_step:verify_step,v4,wrongtarget_verify_step,verify_step,80,scaffold_conv,,0.05,0.0,0.0,0.0,0.005,0.045,,0.0,0.0,-0.1375,80,80,80,0.9875,1.0,0.3797,0.425,0.038,79,,-0.4167,12,LOWPOWER,planted,0.425,0.375,1.0,,
v4:wrongtarget_override_wrong_claim:ALL,v4,wrongtarget_override_wrong_claim,ALL,480,scaffold_conv,,-0.0292,0.0,0.0,0.0,0.0493,0.0361,,-0.1146,0.0,0.1188,480,477,238,0.7437,0.9832,0.3729,0.4573,0.1149,174,,-0.371,62,,planted/tentative,0.5292,0.5583,0.9938,,
v4:wrongtarget_override_wrong_claim:keep_answer,v4,wrongtarget_override_wrong_claim,keep_answer,160,scaffold_conv,,-0.3437,0.0,0.0,0.0,0.0,0.0,,-0.3438,0.0,0.1312,160,159,0,,,,,,,,,0,LOWPOWER,,0.4188,0.7625,0.9938,,
v4:wrongtarget_override_wrong_claim:override_wrong_claim,v4,wrongtarget_override_wrong_claim,override_wrong_claim,80,scaffold_conv,,0.1125,0.0,0.0,0.0,0.1103,0.0022,,0.0,-0.0,-0.225,80,80,80,0.6375,0.9875,0.3137,0.3165,0.06,50,,-0.5652,23,LOWPOWER,planted,0.3125,0.2,1.0,,
v4:wrongtarget_override_wrong_claim:recompute,v4,wrongtarget_override_wrong_claim,recompute,80,scaffold_conv,,0.3125,0.0,0.0,0.0,0.1844,0.1281,,0.0,0.0,-0.1625,80,78,78,0.6026,0.9744,0.4255,0.5921,0.2174,46,LOWPOWER,-0.1111,27,LOWPOWER,tentative,0.5625,0.25,0.975,,
v4:wrongtarget_override_wrong_claim:retrieve_or_abstain,v4,wrongtarget_override_wrong_claim,retrieve_or_abstain,80,scaffold_conv,,0.0,0.0,0.0,0.0,0.0,0.0,,0.0,0.0,0.975,80,80,0,,,,,,,,,0,LOWPOWER,,1.0,1.0,1.0,,
v4:wrongtarget_override_wrong_claim:verify_step,v4,wrongtarget_override_wrong_claim,verify_step,80,scaffold_conv,,0.0875,0.0,0.0,0.0,0.0,0.0875,,0.0,0.0,-0.1375,80,80,80,0.9875,0.9875,0.3797,0.4684,0.0897,78,,-0.5833,12,LOWPOWER,planted,0.4625,0.375,1.0,,
v4:wrongtarget_recompute:ALL,v4,wrongtarget_recompute,ALL,480,scaffold_conv,,-0.0958,0.0021,0.0,-0.0063,0.0296,-0.0129,,-0.1083,-0.0,0.1188,480,475,240,0.7417,0.9083,0.3708,0.3394,-0.0174,172,,-0.5085,59,,planted/tentative,0.4604,0.5583,0.9896,,
v4:wrongtarget_recompute:keep_answer,v4,wrongtarget_recompute,keep_answer,160,scaffold_conv,,-0.3375,0.0,0.0,-0.0125,0.0,0.0,,-0.325,0.0,0.1312,160,156,0,,,,,,,,,0,LOWPOWER,,0.425,0.7625,0.975,,
v4:wrongtarget_recompute:override_wrong_claim,v4,wrongtarget_recompute,override_wrong_claim,80,scaffold_conv,,0.025,0.0,0.0,0.0,0.0381,-0.0131,,0.0,-0.0,-0.225,80,80,80,0.6375,0.7625,0.3137,0.2951,-0.0444,45,LOWPOWER,-0.5789,19,LOWPOWER,planted,0.225,0.2,1.0,,
v4:wrongtarget_recompute:recompute,v4,wrongtarget_recompute,recompute,80,scaffold_conv,,0.05,0.0,0.0,0.0,0.132,-0.082,,0.0,0.0,-0.1625,80,80,80,0.6,0.9625,0.4167,0.3117,-0.0417,48,LOWPOWER,-0.4643,28,LOWPOWER,tentative,0.3,0.25,1.0,,
v4:wrongtarget_recompute:retrieve_or_abstain,v4,wrongtarget_recompute,retrieve_or_abstain,80,scaffold_conv,,0.0,0.0125,0.0,-0.0125,0.0,0.0,,0.0,0.0,0.975,80,79,0,,,,,,,,,0,LOWPOWER,,0.9875,1.0,0.9875,,
v4:wrongtarget_recompute:verify_step,v4,wrongtarget_recompute,verify_step,80,scaffold_conv,,0.025,0.0,0.0,0.0,0.0049,0.0201,,0.0,0.0,-0.1375,80,80,80,0.9875,1.0,0.3797,0.4,0.0127,79,,-0.5,12,LOWPOWER,planted,0.4,0.375,1.0,,
v4:wrongtarget_retrieve_or_abstain:ALL,v4,wrongtarget_retrieve_or_abstain,ALL,480,scaffold_conv,,-0.0438,0.0,0.0,-0.0083,0.0337,0.008,,-0.0771,-0.0,0.1188,480,468,233,0.7554,0.9356,0.375,0.3945,0.0178,169,,-0.4576,59,,planted/tentative,0.5146,0.5583,0.975,,
v4:wrongtarget_retrieve_or_abstain:keep_answer,v4,wrongtarget_retrieve_or_abstain,keep_answer,160,scaffold_conv,,-0.2562,0.0,0.0,-0.025,0.0,0.0,,-0.2313,0.0,0.1312,160,155,0,,,,,,,,,0,LOWPOWER,,0.5062,0.7625,0.9688,,
v4:wrongtarget_retrieve_or_abstain:override_wrong_claim,v4,wrongtarget_retrieve_or_abstain,override_wrong_claim,80,scaffold_conv,,0.025,0.0,0.0,0.0,0.0615,-0.0365,,0.0,-0.0,-0.225,80,79,79,0.6456,0.8608,0.3137,0.2647,-0.0426,47,LOWPOWER,-0.65,20,LOWPOWER,planted,0.225,0.2,0.9875,,
v4:wrongtarget_retrieve_or_abstain:recompute,v4,wrongtarget_retrieve_or_abstain,recompute,80,scaffold_conv,,0.1875,0.0,0.0,0.0,0.1402,0.0473,,0.0,0.0,-0.1625,80,74,74,0.6216,0.9459,0.4348,0.5,0.0698,43,LOWPOWER,-0.3333,27,LOWPOWER,tentative,0.4375,0.25,0.925,,
v4:wrongtarget_retrieve_or_abstain:retrieve_or_abstain,v4,wrongtarget_retrieve_or_abstain,retrieve_or_abstain,80,scaffold_conv,,0.0,0.0,0.0,0.0,0.0,0.0,,0.0,0.0,0.975,80,80,0,,,,,,,,,0,LOWPOWER,,1.0,1.0,1.0,,
v4:wrongtarget_retrieve_or_abstain:verify_step,v4,wrongtarget_retrieve_or_abstain,verify_step,80,scaffold_conv,,0.0375,0.0,0.0,0.0,0.005,0.0325,,0.0,0.0,-0.1375,80,80,80,0.9875,1.0,0.3797,0.4125,0.0253,79,,-0.4167,12,LOWPOWER,planted,0.4125,0.375,1.0,,
v5:actionized_full:ALL,v5,actionized_full,ALL,1600,scaffold_conv,8,0.0,0.0,0.0,0.0,0.0,0.0,,0.0,0.0,,1600,1600,534,1.0,1.0,1.0,1.0,0.0,534,,0.0072,138,,planted,1.0,1.0,1.0,,
v5:actionized_full:keep_answer,v5,actionized_full,keep_answer,533,scaffold_conv,8,0.0,0.0,0.0,0.0,0.0,0.0,,0.0,0.0,,533,533,0,,,,,,,,,0,LOWPOWER,,1.0,1.0,1.0,,
v5:actionized_full:override_wrong_claim,v5,actionized_full,override_wrong_claim,267,scaffold_conv,8,0.0,0.0,0.0,0.0,0.0,0.0,,0.0,0.0,,267,267,267,1.0,1.0,1.0,1.0,0.0,267,,0.0093,108,,planted,1.0,1.0,1.0,,
v5:actionized_full:retrieve_or_abstain,v5,actionized_full,retrieve_or_abstain,266,scaffold_conv,8,0.0,0.0,0.0,0.0,0.0,0.0,,0.0,0.0,,266,266,0,,,,,,,,,0,LOWPOWER,,1.0,1.0,1.0,,
v5:actionized_full:use_provided_support,v5,actionized_full,use_provided_support,267,scaffold_conv,8,0.0,0.0,0.0,0.0,0.0,0.0,,0.0,0.0,,267,267,0,,,,,,,,,0,LOWPOWER,,1.0,1.0,1.0,,
v5:actionized_full:verify_bridge,v5,actionized_full,verify_bridge,267,scaffold_conv,8,0.0,0.0,0.0,0.0,0.0,0.0,,0.0,0.0,,267,267,267,1.0,1.0,1.0,1.0,0.0,267,,0.0,30,LOWPOWER,planted,1.0,1.0,1.0,,
v5:diagnosis_base:ALL,v5,diagnosis_base,ALL,1600,scaffold_conv,,,,,,,,,,,,,,,,,,,,,,,,,,0.6456,,0.6569,REF,pre-repair reference; absolute only
v5:diagnosis_base:keep_answer,v5,diagnosis_base,keep_answer,533,scaffold_conv,,,,,,,,,,,,,,,,,,,,,,,,,,0.955,,0.955,REF,pre-repair reference; absolute only
v5:diagnosis_base:override_wrong_claim,v5,diagnosis_base,override_wrong_claim,267,scaffold_conv,,,,,,,,,,,,,,,,,,,,,,,,,,0.4007,,0.4045,REF,pre-repair reference; absolute only
v5:diagnosis_base:retrieve_or_abstain,v5,diagnosis_base,retrieve_or_abstain,266,scaffold_conv,,,,,,,,,,,,,,,,,,,,,,,,,,0.6842,,0.6917,REF,pre-repair reference; absolute only
v5:diagnosis_base:use_provided_support,v5,diagnosis_base,use_provided_support,267,scaffold_conv,,,,,,,,,,,,,,,,,,,,,,,,,,0.7678,,0.824,REF,pre-repair reference; absolute only
v5:diagnosis_base:verify_bridge,v5,diagnosis_base,verify_bridge,267,scaffold_conv,,,,,,,,,,,,,,,,,,,,,,,,,,0.1124,,0.1124,REF,pre-repair reference; absolute only
v5:targeted_override_wrong_claim:ALL,v5,targeted_override_wrong_claim,ALL,1600,scaffold_conv,8,-0.0012,0.0,0.0,0.0,0.0,-0.0006,,-0.0006,0.0,,1600,1600,534,1.0,1.0,1.0,0.9981,-0.0019,534,,0.0,138,,planted,0.9988,1.0,1.0,,
v5:targeted_override_wrong_claim:keep_answer,v5,targeted_override_wrong_claim,keep_answer,533,scaffold_conv,8,0.0,0.0,0.0,0.0,0.0,0.0,,0.0,0.0,,533,533,0,,,,,,,,,0,LOWPOWER,,1.0,1.0,1.0,,
v5:targeted_override_wrong_claim:override_wrong_claim,v5,targeted_override_wrong_claim,override_wrong_claim,267,scaffold_conv,8,0.0,0.0,0.0,0.0,0.0,0.0,,0.0,0.0,,267,267,267,1.0,1.0,1.0,1.0,0.0,267,,0.0093,108,,planted,1.0,1.0,1.0,,
v5:targeted_override_wrong_claim:retrieve_or_abstain,v5,targeted_override_wrong_claim,retrieve_or_abstain,266,scaffold_conv,8,0.0,0.0,0.0,0.0,0.0,0.0,,0.0,0.0,,266,266,0,,,,,,,,,0,LOWPOWER,,1.0,1.0,1.0,,
v5:targeted_override_wrong_claim:use_provided_support,v5,targeted_override_wrong_claim,use_provided_support,267,scaffold_conv,8,-0.0037,0.0,0.0,0.0,0.0,0.0,,-0.0037,-0.0,,267,267,0,,,,,,,,,0,LOWPOWER,,0.9963,1.0,1.0,,
v5:targeted_override_wrong_claim:verify_bridge,v5,targeted_override_wrong_claim,verify_bridge,267,scaffold_conv,8,-0.0037,0.0,0.0,0.0,0.0,-0.0037,,0.0,0.0,,267,267,267,1.0,1.0,1.0,0.9963,-0.0037,267,,-0.0333,30,LOWPOWER,planted,0.9963,1.0,1.0,,
v5:targeted_verify_bridge:ALL,v5,targeted_verify_bridge,ALL,1600,scaffold_conv,8,-0.0006,0.0,0.0,0.0,0.0,-0.0006,,0.0,0.0,,1600,1600,534,1.0,1.0,1.0,0.9981,-0.0019,534,,0.0,138,,planted,0.9994,1.0,1.0,,
v5:targeted_verify_bridge:keep_answer,v5,targeted_verify_bridge,keep_answer,533,scaffold_conv,8,0.0,0.0,0.0,0.0,0.0,0.0,,0.0,0.0,,533,533,0,,,,,,,,,0,LOWPOWER,,1.0,1.0,1.0,,
v5:targeted_verify_bridge:override_wrong_claim,v5,targeted_verify_bridge,override_wrong_claim,267,scaffold_conv,8,-0.0037,0.0,0.0,0.0,0.0,-0.0037,,0.0,0.0,,267,267,267,1.0,1.0,1.0,0.9963,-0.0037,267,,0.0,108,,planted,0.9963,1.0,1.0,,
v5:targeted_verify_bridge:retrieve_or_abstain,v5,targeted_verify_bridge,retrieve_or_abstain,266,scaffold_conv,8,0.0,0.0,0.0,0.0,0.0,0.0,,0.0,0.0,,266,266,0,,,,,,,,,0,LOWPOWER,,1.0,1.0,1.0,,
v5:targeted_verify_bridge:use_provided_support,v5,targeted_verify_bridge,use_provided_support,267,scaffold_conv,8,0.0,0.0,0.0,0.0,0.0,0.0,,0.0,0.0,,267,267,0,,,,,,,,,0,LOWPOWER,,1.0,1.0,1.0,,
v5:targeted_verify_bridge:verify_bridge,v5,targeted_verify_bridge,verify_bridge,267,scaffold_conv,8,0.0,0.0,0.0,0.0,0.0,0.0,,0.0,0.0,,267,267,267,1.0,1.0,1.0,1.0,0.0,267,,0.0,30,LOWPOWER,planted,1.0,1.0,1.0,,
v5:targeted_use_provided_support:ALL,v5,targeted_use_provided_support,ALL,1600,scaffold_conv,8,0.0,0.0,0.0,0.0,0.0,0.0,,0.0,0.0,,1600,1600,534,1.0,1.0,1.0,1.0,0.0,534,,0.0072,138,,planted,1.0,1.0,1.0,,
v5:targeted_use_provided_support:keep_answer,v5,targeted_use_provided_support,keep_answer,533,scaffold_conv,8,0.0,0.0,0.0,0.0,0.0,0.0,,0.0,0.0,,533,533,0,,,,,,,,,0,LOWPOWER,,1.0,1.0,1.0,,
v5:targeted_use_provided_support:override_wrong_claim,v5,targeted_use_provided_support,override_wrong_claim,267,scaffold_conv,8,0.0,0.0,0.0,0.0,0.0,0.0,,0.0,0.0,,267,267,267,1.0,1.0,1.0,1.0,0.0,267,,0.0093,108,,planted,1.0,1.0,1.0,,
v5:targeted_use_provided_support:retrieve_or_abstain,v5,targeted_use_provided_support,retrieve_or_abstain,266,scaffold_conv,8,0.0,0.0,0.0,0.0,0.0,0.0,,0.0,0.0,,266,266,0,,,,,,,,,0,LOWPOWER,,1.0,1.0,1.0,,
v5:targeted_use_provided_support:use_provided_support,v5,targeted_use_provided_support,use_provided_support,267,scaffold_conv,8,0.0,0.0,0.0,0.0,0.0,0.0,,0.0,0.0,,267,267,0,,,,,,,,,0,LOWPOWER,,1.0,1.0,1.0,,
v5:targeted_use_provided_support:verify_bridge,v5,targeted_use_provided_support,verify_bridge,267,scaffold_conv,8,0.0,0.0,0.0,0.0,0.0,0.0,,0.0,0.0,,267,267,267,1.0,1.0,1.0,1.0,0.0,267,,0.0,30,LOWPOWER,planted,1.0,1.0,1.0,,
v5:targeted_retrieve_or_abstain:ALL,v5,targeted_retrieve_or_abstain,ALL,1600,scaffold_conv,8,-0.0006,0.0,0.0,0.0,0.0,-0.0006,,0.0,0.0,,1600,1600,534,1.0,1.0,1.0,0.9981,-0.0019,534,,0.0,138,,planted,0.9994,1.0,1.0,,
v5:targeted_retrieve_or_abstain:keep_answer,v5,targeted_retrieve_or_abstain,keep_answer,533,scaffold_conv,8,0.0,0.0,0.0,0.0,0.0,0.0,,0.0,0.0,,533,533,0,,,,,,,,,0,LOWPOWER,,1.0,1.0,1.0,,
v5:targeted_retrieve_or_abstain:override_wrong_claim,v5,targeted_retrieve_or_abstain,override_wrong_claim,267,scaffold_conv,8,0.0,0.0,0.0,0.0,0.0,0.0,,0.0,0.0,,267,267,267,1.0,1.0,1.0,1.0,0.0,267,,0.0093,108,,planted,1.0,1.0,1.0,,
v5:targeted_retrieve_or_abstain:retrieve_or_abstain,v5,targeted_retrieve_or_abstain,retrieve_or_abstain,266,scaffold_conv,8,0.0,0.0,0.0,0.0,0.0,0.0,,0.0,0.0,,266,266,0,,,,,,,,,0,LOWPOWER,,1.0,1.0,1.0,,
v5:targeted_retrieve_or_abstain:use_provided_support,v5,targeted_retrieve_or_abstain,use_provided_support,267,scaffold_conv,8,0.0,0.0,0.0,0.0,0.0,0.0,,0.0,0.0,,267,267,0,,,,,,,,,0,LOWPOWER,,1.0,1.0,1.0,,
v5:targeted_retrieve_or_abstain:verify_bridge,v5,targeted_retrieve_or_abstain,verify_bridge,267,scaffold_conv,8,-0.0037,0.0,0.0,0.0,0.0,-0.0037,,0.0,0.0,,267,267,267,1.0,1.0,1.0,0.9963,-0.0037,267,,-0.0333,30,LOWPOWER,planted,0.9963,1.0,1.0,,
v5:random_override_wrong_claim:ALL,v5,random_override_wrong_claim,ALL,1600,scaffold_conv,,0.0,0.0,0.0,0.0,0.0,0.0,,0.0,0.0,,1600,1600,534,1.0,1.0,1.0,1.0,0.0,534,,0.0072,138,,planted,1.0,1.0,1.0,,
v5:random_override_wrong_claim:keep_answer,v5,random_override_wrong_claim,keep_answer,533,scaffold_conv,,0.0,0.0,0.0,0.0,0.0,0.0,,0.0,0.0,,533,533,0,,,,,,,,,0,LOWPOWER,,1.0,1.0,1.0,,
v5:random_override_wrong_claim:override_wrong_claim,v5,random_override_wrong_claim,override_wrong_claim,267,scaffold_conv,,0.0,0.0,0.0,0.0,0.0,0.0,,0.0,0.0,,267,267,267,1.0,1.0,1.0,1.0,0.0,267,,0.0093,108,,planted,1.0,1.0,1.0,,
v5:random_override_wrong_claim:retrieve_or_abstain,v5,random_override_wrong_claim,retrieve_or_abstain,266,scaffold_conv,,0.0,0.0,0.0,0.0,0.0,0.0,,0.0,0.0,,266,266,0,,,,,,,,,0,LOWPOWER,,1.0,1.0,1.0,,
v5:random_override_wrong_claim:use_provided_support,v5,random_override_wrong_claim,use_provided_support,267,scaffold_conv,,0.0,0.0,0.0,0.0,0.0,0.0,,0.0,0.0,,267,267,0,,,,,,,,,0,LOWPOWER,,1.0,1.0,1.0,,
v5:random_override_wrong_claim:verify_bridge,v5,random_override_wrong_claim,verify_bridge,267,scaffold_conv,,0.0,0.0,0.0,0.0,0.0,0.0,,0.0,0.0,,267,267,267,1.0,1.0,1.0,1.0,0.0,267,,0.0,30,LOWPOWER,planted,1.0,1.0,1.0,,
v5:random_verify_bridge:ALL,v5,random_verify_bridge,ALL,1600,scaffold_conv,,0.0,0.0,0.0,0.0,0.0,0.0,,0.0,0.0,,1600,1600,534,1.0,1.0,1.0,1.0,0.0,534,,0.0072,138,,planted,1.0,1.0,1.0,,
v5:random_verify_bridge:keep_answer,v5,random_verify_bridge,keep_answer,533,scaffold_conv,,0.0,0.0,0.0,0.0,0.0,0.0,,0.0,0.0,,533,533,0,,,,,,,,,0,LOWPOWER,,1.0,1.0,1.0,,
v5:random_verify_bridge:override_wrong_claim,v5,random_verify_bridge,override_wrong_claim,267,scaffold_conv,,0.0,0.0,0.0,0.0,0.0,0.0,,0.0,0.0,,267,267,267,1.0,1.0,1.0,1.0,0.0,267,,0.0093,108,,planted,1.0,1.0,1.0,,
v5:random_verify_bridge:retrieve_or_abstain,v5,random_verify_bridge,retrieve_or_abstain,266,scaffold_conv,,0.0,0.0,0.0,0.0,0.0,0.0,,0.0,0.0,,266,266,0,,,,,,,,,0,LOWPOWER,,1.0,1.0,1.0,,
v5:random_verify_bridge:use_provided_support,v5,random_verify_bridge,use_provided_support,267,scaffold_conv,,0.0,0.0,0.0,0.0,0.0,0.0,,0.0,0.0,,267,267,0,,,,,,,,,0,LOWPOWER,,1.0,1.0,1.0,,
v5:random_verify_bridge:verify_bridge,v5,random_verify_bridge,verify_bridge,267,scaffold_conv,,0.0,0.0,0.0,0.0,0.0,0.0,,0.0,0.0,,267,267,267,1.0,1.0,1.0,1.0,0.0,267,,0.0,30,LOWPOWER,planted,1.0,1.0,1.0,,
v5:random_use_provided_support:ALL,v5,random_use_provided_support,ALL,1600,scaffold_conv,,0.0,0.0,0.0,0.0,0.0,0.0,,0.0,0.0,,1600,1600,534,1.0,1.0,1.0,1.0,0.0,534,,0.0072,138,,planted,1.0,1.0,1.0,,
v5:random_use_provided_support:keep_answer,v5,random_use_provided_support,keep_answer,533,scaffold_conv,,0.0,0.0,0.0,0.0,0.0,0.0,,0.0,0.0,,533,533,0,,,,,,,,,0,LOWPOWER,,1.0,1.0,1.0,,
v5:random_use_provided_support:override_wrong_claim,v5,random_use_provided_support,override_wrong_claim,267,scaffold_conv,,0.0,0.0,0.0,0.0,0.0,0.0,,0.0,0.0,,267,267,267,1.0,1.0,1.0,1.0,0.0,267,,0.0093,108,,planted,1.0,1.0,1.0,,
v5:random_use_provided_support:retrieve_or_abstain,v5,random_use_provided_support,retrieve_or_abstain,266,scaffold_conv,,0.0,0.0,0.0,0.0,0.0,0.0,,0.0,0.0,,266,266,0,,,,,,,,,0,LOWPOWER,,1.0,1.0,1.0,,
v5:random_use_provided_support:use_provided_support,v5,random_use_provided_support,use_provided_support,267,scaffold_conv,,0.0,0.0,0.0,0.0,0.0,0.0,,0.0,0.0,,267,267,0,,,,,,,,,0,LOWPOWER,,1.0,1.0,1.0,,
v5:random_use_provided_support:verify_bridge,v5,random_use_provided_support,verify_bridge,267,scaffold_conv,,0.0,0.0,0.0,0.0,0.0,0.0,,0.0,0.0,,267,267,267,1.0,1.0,1.0,1.0,0.0,267,,0.0,30,LOWPOWER,planted,1.0,1.0,1.0,,
v5:random_retrieve_or_abstain:ALL,v5,random_retrieve_or_abstain,ALL,1600,scaffold_conv,,0.0,0.0,0.0,0.0,0.0,0.0,,0.0,0.0,,1600,1600,534,1.0,1.0,1.0,1.0,0.0,534,,0.0072,138,,planted,1.0,1.0,1.0,,
v5:random_retrieve_or_abstain:keep_answer,v5,random_retrieve_or_abstain,keep_answer,533,scaffold_conv,,0.0,0.0,0.0,0.0,0.0,0.0,,0.0,0.0,,533,533,0,,,,,,,,,0,LOWPOWER,,1.0,1.0,1.0,,
v5:random_retrieve_or_abstain:override_wrong_claim,v5,random_retrieve_or_abstain,override_wrong_claim,267,scaffold_conv,,0.0,0.0,0.0,0.0,0.0,0.0,,0.0,0.0,,267,267,267,1.0,1.0,1.0,1.0,0.0,267,,0.0093,108,,planted,1.0,1.0,1.0,,
v5:random_retrieve_or_abstain:retrieve_or_abstain,v5,random_retrieve_or_abstain,retrieve_or_abstain,266,scaffold_conv,,0.0,0.0,0.0,0.0,0.0,0.0,,0.0,0.0,,266,266,0,,,,,,,,,0,LOWPOWER,,1.0,1.0,1.0,,
v5:random_retrieve_or_abstain:use_provided_support,v5,random_retrieve_or_abstain,use_provided_support,267,scaffold_conv,,0.0,0.0,0.0,0.0,0.0,0.0,,0.0,0.0,,267,267,0,,,,,,,,,0,LOWPOWER,,1.0,1.0,1.0,,
v5:random_retrieve_or_abstain:verify_bridge,v5,random_retrieve_or_abstain,verify_bridge,267,scaffold_conv,,0.0,0.0,0.0,0.0,0.0,0.0,,0.0,0.0,,267,267,267,1.0,1.0,1.0,1.0,0.0,267,,0.0,30,LOWPOWER,planted,1.0,1.0,1.0,,
v5:wrongtarget_override_wrong_claim:ALL,v5,wrongtarget_override_wrong_claim,ALL,1600,scaffold_conv,,-0.0006,0.0,0.0,0.0,0.0,-0.0006,,0.0,0.0,,1600,1600,534,1.0,1.0,1.0,0.9981,-0.0019,534,,0.0,138,,planted,0.9994,1.0,1.0,,
v5:wrongtarget_override_wrong_claim:keep_answer,v5,wrongtarget_override_wrong_claim,keep_answer,533,scaffold_conv,,0.0,0.0,0.0,0.0,0.0,0.0,,0.0,0.0,,533,533,0,,,,,,,,,0,LOWPOWER,,1.0,1.0,1.0,,
v5:wrongtarget_override_wrong_claim:override_wrong_claim,v5,wrongtarget_override_wrong_claim,override_wrong_claim,267,scaffold_conv,,0.0,0.0,0.0,0.0,0.0,0.0,,0.0,0.0,,267,267,267,1.0,1.0,1.0,1.0,0.0,267,,0.0093,108,,planted,1.0,1.0,1.0,,
v5:wrongtarget_override_wrong_claim:retrieve_or_abstain,v5,wrongtarget_override_wrong_claim,retrieve_or_abstain,266,scaffold_conv,,0.0,0.0,0.0,0.0,0.0,0.0,,0.0,0.0,,266,266,0,,,,,,,,,0,LOWPOWER,,1.0,1.0,1.0,,
v5:wrongtarget_override_wrong_claim:use_provided_support,v5,wrongtarget_override_wrong_claim,use_provided_support,267,scaffold_conv,,0.0,0.0,0.0,0.0,0.0,0.0,,0.0,0.0,,267,267,0,,,,,,,,,0,LOWPOWER,,1.0,1.0,1.0,,
v5:wrongtarget_override_wrong_claim:verify_bridge,v5,wrongtarget_override_wrong_claim,verify_bridge,267,scaffold_conv,,-0.0037,0.0,0.0,0.0,0.0,-0.0037,,0.0,0.0,,267,267,267,1.0,1.0,1.0,0.9963,-0.0037,267,,-0.0333,30,LOWPOWER,planted,0.9963,1.0,1.0,,
v5:wrongtarget_verify_bridge:ALL,v5,wrongtarget_verify_bridge,ALL,1600,scaffold_conv,,-0.0006,0.0,0.0,0.0,0.0,-0.0006,,0.0,0.0,,1600,1600,534,1.0,1.0,1.0,0.9981,-0.0019,534,,0.0,138,,planted,0.9994,1.0,1.0,,
v5:wrongtarget_verify_bridge:keep_answer,v5,wrongtarget_verify_bridge,keep_answer,533,scaffold_conv,,0.0,0.0,0.0,0.0,0.0,0.0,,0.0,0.0,,533,533,0,,,,,,,,,0,LOWPOWER,,1.0,1.0,1.0,,
v5:wrongtarget_verify_bridge:override_wrong_claim,v5,wrongtarget_verify_bridge,override_wrong_claim,267,scaffold_conv,,0.0,0.0,0.0,0.0,0.0,0.0,,0.0,0.0,,267,267,267,1.0,1.0,1.0,1.0,0.0,267,,0.0093,108,,planted,1.0,1.0,1.0,,
v5:wrongtarget_verify_bridge:retrieve_or_abstain,v5,wrongtarget_verify_bridge,retrieve_or_abstain,266,scaffold_conv,,0.0,0.0,0.0,0.0,0.0,0.0,,0.0,0.0,,266,266,0,,,,,,,,,0,LOWPOWER,,1.0,1.0,1.0,,
v5:wrongtarget_verify_bridge:use_provided_support,v5,wrongtarget_verify_bridge,use_provided_support,267,scaffold_conv,,0.0,0.0,0.0,0.0,0.0,0.0,,0.0,0.0,,267,267,0,,,,,,,,,0,LOWPOWER,,1.0,1.0,1.0,,
v5:wrongtarget_verify_bridge:verify_bridge,v5,wrongtarget_verify_bridge,verify_bridge,267,scaffold_conv,,-0.0037,0.0,0.0,0.0,0.0,-0.0037,,0.0,0.0,,267,267,267,1.0,1.0,1.0,0.9963,-0.0037,267,,-0.0333,30,LOWPOWER,planted,0.9963,1.0,1.0,,
v5:wrongtarget_use_provided_support:ALL,v5,wrongtarget_use_provided_support,ALL,1600,scaffold_conv,,0.0,0.0,0.0,0.0,0.0,0.0,,0.0,0.0,,1600,1600,534,1.0,1.0,1.0,1.0,0.0,534,,0.0072,138,,planted,1.0,1.0,1.0,,
v5:wrongtarget_use_provided_support:keep_answer,v5,wrongtarget_use_provided_support,keep_answer,533,scaffold_conv,,0.0,0.0,0.0,0.0,0.0,0.0,,0.0,0.0,,533,533,0,,,,,,,,,0,LOWPOWER,,1.0,1.0,1.0,,
v5:wrongtarget_use_provided_support:override_wrong_claim,v5,wrongtarget_use_provided_support,override_wrong_claim,267,scaffold_conv,,0.0,0.0,0.0,0.0,0.0,0.0,,0.0,0.0,,267,267,267,1.0,1.0,1.0,1.0,0.0,267,,0.0093,108,,planted,1.0,1.0,1.0,,
v5:wrongtarget_use_provided_support:retrieve_or_abstain,v5,wrongtarget_use_provided_support,retrieve_or_abstain,266,scaffold_conv,,0.0,0.0,0.0,0.0,0.0,0.0,,0.0,0.0,,266,266,0,,,,,,,,,0,LOWPOWER,,1.0,1.0,1.0,,
v5:wrongtarget_use_provided_support:use_provided_support,v5,wrongtarget_use_provided_support,use_provided_support,267,scaffold_conv,,0.0,0.0,0.0,0.0,0.0,0.0,,0.0,0.0,,267,267,0,,,,,,,,,0,LOWPOWER,,1.0,1.0,1.0,,
v5:wrongtarget_use_provided_support:verify_bridge,v5,wrongtarget_use_provided_support,verify_bridge,267,scaffold_conv,,0.0,0.0,0.0,0.0,0.0,0.0,,0.0,0.0,,267,267,267,1.0,1.0,1.0,1.0,0.0,267,,0.0,30,LOWPOWER,planted,1.0,1.0,1.0,,
v5:wrongtarget_retrieve_or_abstain:ALL,v5,wrongtarget_retrieve_or_abstain,ALL,1600,scaffold_conv,,0.0,0.0,0.0,0.0,0.0,0.0,,0.0,0.0,,1600,1600,534,1.0,1.0,1.0,1.0,0.0,534,,0.0072,138,,planted,1.0,1.0,1.0,,
v5:wrongtarget_retrieve_or_abstain:keep_answer,v5,wrongtarget_retrieve_or_abstain,keep_answer,533,scaffold_conv,,0.0,0.0,0.0,0.0,0.0,0.0,,0.0,0.0,,533,533,0,,,,,,,,,0,LOWPOWER,,1.0,1.0,1.0,,
v5:wrongtarget_retrieve_or_abstain:override_wrong_claim,v5,wrongtarget_retrieve_or_abstain,override_wrong_claim,267,scaffold_conv,,0.0,0.0,0.0,0.0,0.0,0.0,,0.0,0.0,,267,267,267,1.0,1.0,1.0,1.0,0.0,267,,0.0093,108,,planted,1.0,1.0,1.0,,
v5:wrongtarget_retrieve_or_abstain:retrieve_or_abstain,v5,wrongtarget_retrieve_or_abstain,retrieve_or_abstain,266,scaffold_conv,,0.0,0.0,0.0,0.0,0.0,0.0,,0.0,0.0,,266,266,0,,,,,,,,,0,LOWPOWER,,1.0,1.0,1.0,,
v5:wrongtarget_retrieve_or_abstain:use_provided_support,v5,wrongtarget_retrieve_or_abstain,use_provided_support,267,scaffold_conv,,0.0,0.0,0.0,0.0,0.0,0.0,,0.0,0.0,,267,267,0,,,,,,,,,0,LOWPOWER,,1.0,1.0,1.0,,
v5:wrongtarget_retrieve_or_abstain:verify_bridge,v5,wrongtarget_retrieve_or_abstain,verify_bridge,267,scaffold_conv,,0.0,0.0,0.0,0.0,0.0,0.0,,0.0,0.0,,267,267,267,1.0,1.0,1.0,1.0,0.0,267,,0.0,30,LOWPOWER,planted,1.0,1.0,1.0,,
